LTLAC,LTLA,GHCG,generalHealth,Observation
E06000001,Hartlepool,-8,Does not apply,0
E06000001,Hartlepool,1,Very good health,42.8
E06000001,Hartlepool,2,Good health,33.7
E06000001,Hartlepool,3,Fair health,15.6
E06000001,Hartlepool,4,Bad health,6
E06000001,Hartlepool,5,Very bad health,1.9
E06000002,Middlesbrough,-8,Does not apply,0
E06000002,Middlesbrough,1,Very good health,43.8
E06000002,Middlesbrough,2,Good health,33.3
E06000002,Middlesbrough,3,Fair health,14.9
E06000002,Middlesbrough,4,Bad health,6.1
E06000002,Middlesbrough,5,Very bad health,1.9
E06000003,Redcar and Cleveland,-8,Does not apply,0
E06000003,Redcar and Cleveland,1,Very good health,44.1
E06000003,Redcar and Cleveland,2,Good health,34
E06000003,Redcar and Cleveland,3,Fair health,14.9
E06000003,Redcar and Cleveland,4,Bad health,5.4
E06000003,Redcar and Cleveland,5,Very bad health,1.7
E06000004,Stockton-on-Tees,-8,Does not apply,0
E06000004,Stockton-on-Tees,1,Very good health,45.7
E06000004,Stockton-on-Tees,2,Good health,33.7
E06000004,Stockton-on-Tees,3,Fair health,14.2
E06000004,Stockton-on-Tees,4,Bad health,4.9
E06000004,Stockton-on-Tees,5,Very bad health,1.5
E06000005,Darlington,-8,Does not apply,0
E06000005,Darlington,1,Very good health,45.5
E06000005,Darlington,2,Good health,34.8
E06000005,Darlington,3,Fair health,14
E06000005,Darlington,4,Bad health,4.5
E06000005,Darlington,5,Very bad health,1.2
E06000006,Halton,-8,Does not apply,0
E06000006,Halton,1,Very good health,45.2
E06000006,Halton,2,Good health,32.5
E06000006,Halton,3,Fair health,14.4
E06000006,Halton,4,Bad health,6
E06000006,Halton,5,Very bad health,1.9
E06000007,Warrington,-8,Does not apply,0
E06000007,Warrington,1,Very good health,50
E06000007,Warrington,2,Good health,32.8
E06000007,Warrington,3,Fair health,12.2
E06000007,Warrington,4,Bad health,3.9
E06000007,Warrington,5,Very bad health,1.1
E06000008,Blackburn with Darwen,-8,Does not apply,0
E06000008,Blackburn with Darwen,1,Very good health,43.6
E06000008,Blackburn with Darwen,2,Good health,33.5
E06000008,Blackburn with Darwen,3,Fair health,15.2
E06000008,Blackburn with Darwen,4,Bad health,5.9
E06000008,Blackburn with Darwen,5,Very bad health,1.9
E06000009,Blackpool,-8,Does not apply,0
E06000009,Blackpool,1,Very good health,40.9
E06000009,Blackpool,2,Good health,33.7
E06000009,Blackpool,3,Fair health,16.6
E06000009,Blackpool,4,Bad health,6.7
E06000009,Blackpool,5,Very bad health,2.1
E06000010,Kingston upon Hull,-8,Does not apply,0
E06000010,Kingston upon Hull,1,Very good health,40.3
E06000010,Kingston upon Hull,2,Good health,35.5
E06000010,Kingston upon Hull,3,Fair health,16.5
E06000010,Kingston upon Hull,4,Bad health,5.9
E06000010,Kingston upon Hull,5,Very bad health,1.8
E06000011,East Riding of Yorkshire,-8,Does not apply,0
E06000011,East Riding of Yorkshire,1,Very good health,48.4
E06000011,East Riding of Yorkshire,2,Good health,34.5
E06000011,East Riding of Yorkshire,3,Fair health,12.5
E06000011,East Riding of Yorkshire,4,Bad health,3.5
E06000011,East Riding of Yorkshire,5,Very bad health,1.1
E06000012,North East Lincolnshire,-8,Does not apply,0
E06000012,North East Lincolnshire,1,Very good health,43.1
E06000012,North East Lincolnshire,2,Good health,35.4
E06000012,North East Lincolnshire,3,Fair health,15.2
E06000012,North East Lincolnshire,4,Bad health,4.9
E06000012,North East Lincolnshire,5,Very bad health,1.4
E06000013,North Lincolnshire,-8,Does not apply,0
E06000013,North Lincolnshire,1,Very good health,43.9
E06000013,North Lincolnshire,2,Good health,35.9
E06000013,North Lincolnshire,3,Fair health,14.5
E06000013,North Lincolnshire,4,Bad health,4.5
E06000013,North Lincolnshire,5,Very bad health,1.2
E06000014,York,-8,Does not apply,0
E06000014,York,1,Very good health,48.5
E06000014,York,2,Good health,35
E06000014,York,3,Fair health,12.2
E06000014,York,4,Bad health,3.4
E06000014,York,5,Very bad health,0.9
E06000015,Derby,-8,Does not apply,0
E06000015,Derby,1,Very good health,43.2
E06000015,Derby,2,Good health,35.5
E06000015,Derby,3,Fair health,14.9
E06000015,Derby,4,Bad health,4.9
E06000015,Derby,5,Very bad health,1.5
E06000016,Leicester,-8,Does not apply,0
E06000016,Leicester,1,Very good health,42.8
E06000016,Leicester,2,Good health,34.7
E06000016,Leicester,3,Fair health,15.6
E06000016,Leicester,4,Bad health,5.2
E06000016,Leicester,5,Very bad health,1.6
E06000017,Rutland,-8,Does not apply,0
E06000017,Rutland,1,Very good health,52.6
E06000017,Rutland,2,Good health,33.6
E06000017,Rutland,3,Fair health,10.7
E06000017,Rutland,4,Bad health,2.6
E06000017,Rutland,5,Very bad health,0.6
E06000018,Nottingham,-8,Does not apply,0
E06000018,Nottingham,1,Very good health,41.7
E06000018,Nottingham,2,Good health,34.2
E06000018,Nottingham,3,Fair health,16.1
E06000018,Nottingham,4,Bad health,6
E06000018,Nottingham,5,Very bad health,2
E06000019,Herefordshire,-8,Does not apply,0
E06000019,Herefordshire,1,Very good health,48.7
E06000019,Herefordshire,2,Good health,34.3
E06000019,Herefordshire,3,Fair health,12.3
E06000019,Herefordshire,4,Bad health,3.6
E06000019,Herefordshire,5,Very bad health,1
E06000020,Telford and Wrekin,-8,Does not apply,0
E06000020,Telford and Wrekin,1,Very good health,44.2
E06000020,Telford and Wrekin,2,Good health,34.7
E06000020,Telford and Wrekin,3,Fair health,14.6
E06000020,Telford and Wrekin,4,Bad health,5
E06000020,Telford and Wrekin,5,Very bad health,1.5
E06000021,Stoke-on-Trent,-8,Does not apply,0
E06000021,Stoke-on-Trent,1,Very good health,40.2
E06000021,Stoke-on-Trent,2,Good health,35.9
E06000021,Stoke-on-Trent,3,Fair health,15.9
E06000021,Stoke-on-Trent,4,Bad health,6.1
E06000021,Stoke-on-Trent,5,Very bad health,1.9
E06000022,Bath and North East Somerset,-8,Does not apply,0
E06000022,Bath and North East Somerset,1,Very good health,51.4
E06000022,Bath and North East Somerset,2,Good health,33.1
E06000022,Bath and North East Somerset,3,Fair health,11.3
E06000022,Bath and North East Somerset,4,Bad health,3.2
E06000022,Bath and North East Somerset,5,Very bad health,0.9
E06000023,Bristol,-8,Does not apply,0
E06000023,Bristol,1,Very good health,46.7
E06000023,Bristol,2,Good health,33.5
E06000023,Bristol,3,Fair health,13.6
E06000023,Bristol,4,Bad health,4.8
E06000023,Bristol,5,Very bad health,1.5
E06000024,North Somerset,-8,Does not apply,0
E06000024,North Somerset,1,Very good health,49.4
E06000024,North Somerset,2,Good health,33.6
E06000024,North Somerset,3,Fair health,12.3
E06000024,North Somerset,4,Bad health,3.8
E06000024,North Somerset,5,Very bad health,1.1
E06000025,South Gloucestershire,-8,Does not apply,0
E06000025,South Gloucestershire,1,Very good health,48.9
E06000025,South Gloucestershire,2,Good health,34.6
E06000025,South Gloucestershire,3,Fair health,12.1
E06000025,South Gloucestershire,4,Bad health,3.3
E06000025,South Gloucestershire,5,Very bad health,0.9
E06000026,Plymouth,-8,Does not apply,0
E06000026,Plymouth,1,Very good health,44.8
E06000026,Plymouth,2,Good health,34.1
E06000026,Plymouth,3,Fair health,14.4
E06000026,Plymouth,4,Bad health,5.1
E06000026,Plymouth,5,Very bad health,1.5
E06000027,Torbay,-8,Does not apply,0
E06000027,Torbay,1,Very good health,45.4
E06000027,Torbay,2,Good health,33.7
E06000027,Torbay,3,Fair health,14.4
E06000027,Torbay,4,Bad health,5
E06000027,Torbay,5,Very bad health,1.4
E06000030,Swindon,-8,Does not apply,0
E06000030,Swindon,1,Very good health,46.2
E06000030,Swindon,2,Good health,35.7
E06000030,Swindon,3,Fair health,13.2
E06000030,Swindon,4,Bad health,3.8
E06000030,Swindon,5,Very bad health,1
E06000031,Peterborough,-8,Does not apply,0
E06000031,Peterborough,1,Very good health,42.3
E06000031,Peterborough,2,Good health,37
E06000031,Peterborough,3,Fair health,14.8
E06000031,Peterborough,4,Bad health,4.7
E06000031,Peterborough,5,Very bad health,1.3
E06000032,Luton,-8,Does not apply,0
E06000032,Luton,1,Very good health,43.1
E06000032,Luton,2,Good health,36
E06000032,Luton,3,Fair health,14.8
E06000032,Luton,4,Bad health,4.7
E06000032,Luton,5,Very bad health,1.5
E06000033,Southend-on-Sea,-8,Does not apply,0
E06000033,Southend-on-Sea,1,Very good health,46.2
E06000033,Southend-on-Sea,2,Good health,34.8
E06000033,Southend-on-Sea,3,Fair health,13.4
E06000033,Southend-on-Sea,4,Bad health,4.3
E06000033,Southend-on-Sea,5,Very bad health,1.3
E06000034,Thurrock,-8,Does not apply,0
E06000034,Thurrock,1,Very good health,46.4
E06000034,Thurrock,2,Good health,34.7
E06000034,Thurrock,3,Fair health,13.6
E06000034,Thurrock,4,Bad health,4.1
E06000034,Thurrock,5,Very bad health,1.2
E06000035,Medway,-8,Does not apply,0
E06000035,Medway,1,Very good health,45.2
E06000035,Medway,2,Good health,35.4
E06000035,Medway,3,Fair health,13.9
E06000035,Medway,4,Bad health,4.4
E06000035,Medway,5,Very bad health,1.2
E06000036,Bracknell Forest,-8,Does not apply,0
E06000036,Bracknell Forest,1,Very good health,50.6
E06000036,Bracknell Forest,2,Good health,34.8
E06000036,Bracknell Forest,3,Fair health,10.9
E06000036,Bracknell Forest,4,Bad health,2.9
E06000036,Bracknell Forest,5,Very bad health,0.8
E06000037,West Berkshire,-8,Does not apply,0
E06000037,West Berkshire,1,Very good health,50.9
E06000037,West Berkshire,2,Good health,34.8
E06000037,West Berkshire,3,Fair health,10.9
E06000037,West Berkshire,4,Bad health,2.7
E06000037,West Berkshire,5,Very bad health,0.7
E06000038,Reading,-8,Does not apply,0
E06000038,Reading,1,Very good health,46.8
E06000038,Reading,2,Good health,35.6
E06000038,Reading,3,Fair health,12.9
E06000038,Reading,4,Bad health,3.7
E06000038,Reading,5,Very bad health,1
E06000039,Slough,-8,Does not apply,0
E06000039,Slough,1,Very good health,44.7
E06000039,Slough,2,Good health,35.5
E06000039,Slough,3,Fair health,14.3
E06000039,Slough,4,Bad health,4.3
E06000039,Slough,5,Very bad health,1.2
E06000040,Windsor and Maidenhead,-8,Does not apply,0
E06000040,Windsor and Maidenhead,1,Very good health,55.2
E06000040,Windsor and Maidenhead,2,Good health,32.2
E06000040,Windsor and Maidenhead,3,Fair health,9.5
E06000040,Windsor and Maidenhead,4,Bad health,2.4
E06000040,Windsor and Maidenhead,5,Very bad health,0.7
E06000041,Wokingham,-8,Does not apply,0
E06000041,Wokingham,1,Very good health,53.5
E06000041,Wokingham,2,Good health,34
E06000041,Wokingham,3,Fair health,9.7
E06000041,Wokingham,4,Bad health,2.2
E06000041,Wokingham,5,Very bad health,0.6
E06000042,Milton Keynes,-8,Does not apply,0
E06000042,Milton Keynes,1,Very good health,47.4
E06000042,Milton Keynes,2,Good health,34.8
E06000042,Milton Keynes,3,Fair health,12.8
E06000042,Milton Keynes,4,Bad health,3.8
E06000042,Milton Keynes,5,Very bad health,1.1
E06000043,Brighton and Hove,-8,Does not apply,0
E06000043,Brighton and Hove,1,Very good health,48.7
E06000043,Brighton and Hove,2,Good health,33.1
E06000043,Brighton and Hove,3,Fair health,12.6
E06000043,Brighton and Hove,4,Bad health,4.3
E06000043,Brighton and Hove,5,Very bad health,1.3
E06000044,Portsmouth,-8,Does not apply,0
E06000044,Portsmouth,1,Very good health,44.4
E06000044,Portsmouth,2,Good health,35.5
E06000044,Portsmouth,3,Fair health,14.3
E06000044,Portsmouth,4,Bad health,4.4
E06000044,Portsmouth,5,Very bad health,1.3
E06000045,Southampton,-8,Does not apply,0
E06000045,Southampton,1,Very good health,43.9
E06000045,Southampton,2,Good health,35.9
E06000045,Southampton,3,Fair health,14.2
E06000045,Southampton,4,Bad health,4.6
E06000045,Southampton,5,Very bad health,1.4
E06000046,Isle of Wight,-8,Does not apply,0
E06000046,Isle of Wight,1,Very good health,43.8
E06000046,Isle of Wight,2,Good health,36.1
E06000046,Isle of Wight,3,Fair health,14.3
E06000046,Isle of Wight,4,Bad health,4.5
E06000046,Isle of Wight,5,Very bad health,1.3
E06000047,County Durham,-8,Does not apply,0
E06000047,County Durham,1,Very good health,43.7
E06000047,County Durham,2,Good health,33.9
E06000047,County Durham,3,Fair health,15.2
E06000047,County Durham,4,Bad health,5.6
E06000047,County Durham,5,Very bad health,1.7
E06000049,Cheshire East,-8,Does not apply,0
E06000049,Cheshire East,1,Very good health,51.3
E06000049,Cheshire East,2,Good health,32.9
E06000049,Cheshire East,3,Fair health,11.4
E06000049,Cheshire East,4,Bad health,3.4
E06000049,Cheshire East,5,Very bad health,1
E06000050,Cheshire West and Chester,-8,Does not apply,0
E06000050,Cheshire West and Chester,1,Very good health,49.6
E06000050,Cheshire West and Chester,2,Good health,33.1
E06000050,Cheshire West and Chester,3,Fair health,12.2
E06000050,Cheshire West and Chester,4,Bad health,3.9
E06000050,Cheshire West and Chester,5,Very bad health,1.1
E06000051,Shropshire,-8,Does not apply,0
E06000051,Shropshire,1,Very good health,49.6
E06000051,Shropshire,2,Good health,33.9
E06000051,Shropshire,3,Fair health,12.1
E06000051,Shropshire,4,Bad health,3.5
E06000051,Shropshire,5,Very bad health,1
E06000052,Cornwall,-8,Does not apply,0
E06000052,Cornwall,1,Very good health,48.3
E06000052,Cornwall,2,Good health,32.9
E06000052,Cornwall,3,Fair health,13.2
E06000052,Cornwall,4,Bad health,4.3
E06000052,Cornwall,5,Very bad health,1.3
E06000053,Isles of Scilly,-8,Does not apply,0
E06000053,Isles of Scilly,1,Very good health,56.6
E06000053,Isles of Scilly,2,Good health,31
E06000053,Isles of Scilly,3,Fair health,9.1
E06000053,Isles of Scilly,4,Bad health,2.5
E06000053,Isles of Scilly,5,Very bad health,0.8
E06000054,Wiltshire,-8,Does not apply,0
E06000054,Wiltshire,1,Very good health,50.5
E06000054,Wiltshire,2,Good health,34
E06000054,Wiltshire,3,Fair health,11.6
E06000054,Wiltshire,4,Bad health,3.2
E06000054,Wiltshire,5,Very bad health,0.8
E06000055,Bedford,-8,Does not apply,0
E06000055,Bedford,1,Very good health,46.9
E06000055,Bedford,2,Good health,35.7
E06000055,Bedford,3,Fair health,12.6
E06000055,Bedford,4,Bad health,3.7
E06000055,Bedford,5,Very bad health,1
E06000056,Central Bedfordshire,-8,Does not apply,0
E06000056,Central Bedfordshire,1,Very good health,49.4
E06000056,Central Bedfordshire,2,Good health,34.9
E06000056,Central Bedfordshire,3,Fair health,11.7
E06000056,Central Bedfordshire,4,Bad health,3.1
E06000056,Central Bedfordshire,5,Very bad health,0.9
E06000057,Northumberland,-8,Does not apply,0
E06000057,Northumberland,1,Very good health,46.8
E06000057,Northumberland,2,Good health,33.8
E06000057,Northumberland,3,Fair health,13.9
E06000057,Northumberland,4,Bad health,4.3
E06000057,Northumberland,5,Very bad health,1.2
E06000058,"Bournemouth, Christchurch and Poole",-8,Does not apply,0
E06000058,"Bournemouth, Christchurch and Poole",1,Very good health,48.4
E06000058,"Bournemouth, Christchurch and Poole",2,Good health,34.1
E06000058,"Bournemouth, Christchurch and Poole",3,Fair health,12.6
E06000058,"Bournemouth, Christchurch and Poole",4,Bad health,3.9
E06000058,"Bournemouth, Christchurch and Poole",5,Very bad health,1.1
E06000059,Dorset,-8,Does not apply,0
E06000059,Dorset,1,Very good health,49.2
E06000059,Dorset,2,Good health,34.5
E06000059,Dorset,3,Fair health,12
E06000059,Dorset,4,Bad health,3.3
E06000059,Dorset,5,Very bad health,0.9
E06000060,Buckinghamshire,-8,Does not apply,0
E06000060,Buckinghamshire,1,Very good health,52.5
E06000060,Buckinghamshire,2,Good health,33.7
E06000060,Buckinghamshire,3,Fair health,10.5
E06000060,Buckinghamshire,4,Bad health,2.6
E06000060,Buckinghamshire,5,Very bad health,0.7
E06000061,North Northamptonshire,-8,Does not apply,0
E06000061,North Northamptonshire,1,Very good health,45.1
E06000061,North Northamptonshire,2,Good health,36.2
E06000061,North Northamptonshire,3,Fair health,13.6
E06000061,North Northamptonshire,4,Bad health,4
E06000061,North Northamptonshire,5,Very bad health,1.1
E06000062,West Northamptonshire,-8,Does not apply,0
E06000062,West Northamptonshire,1,Very good health,47.6
E06000062,West Northamptonshire,2,Good health,35.6
E06000062,West Northamptonshire,3,Fair health,12.3
E06000062,West Northamptonshire,4,Bad health,3.5
E06000062,West Northamptonshire,5,Very bad health,0.9
E07000008,Cambridge,-8,Does not apply,0
E07000008,Cambridge,1,Very good health,50.7
E07000008,Cambridge,2,Good health,33.2
E07000008,Cambridge,3,Fair health,11.9
E07000008,Cambridge,4,Bad health,3.3
E07000008,Cambridge,5,Very bad health,1
E07000009,East Cambridgeshire,-8,Does not apply,0
E07000009,East Cambridgeshire,1,Very good health,48.8
E07000009,East Cambridgeshire,2,Good health,35.2
E07000009,East Cambridgeshire,3,Fair health,12.1
E07000009,East Cambridgeshire,4,Bad health,3.1
E07000009,East Cambridgeshire,5,Very bad health,0.8
E07000010,Fenland,-8,Does not apply,0
E07000010,Fenland,1,Very good health,41.5
E07000010,Fenland,2,Good health,37.5
E07000010,Fenland,3,Fair health,15
E07000010,Fenland,4,Bad health,4.7
E07000010,Fenland,5,Very bad health,1.3
E07000011,Huntingdonshire,-8,Does not apply,0
E07000011,Huntingdonshire,1,Very good health,48.1
E07000011,Huntingdonshire,2,Good health,35.7
E07000011,Huntingdonshire,3,Fair health,12
E07000011,Huntingdonshire,4,Bad health,3.3
E07000011,Huntingdonshire,5,Very bad health,0.9
E07000012,South Cambridgeshire,-8,Does not apply,0
E07000012,South Cambridgeshire,1,Very good health,51.9
E07000012,South Cambridgeshire,2,Good health,34
E07000012,South Cambridgeshire,3,Fair health,10.7
E07000012,South Cambridgeshire,4,Bad health,2.6
E07000012,South Cambridgeshire,5,Very bad health,0.8
E07000026,Allerdale,-8,Does not apply,0
E07000026,Allerdale,1,Very good health,47.7
E07000026,Allerdale,2,Good health,33.5
E07000026,Allerdale,3,Fair health,13.5
E07000026,Allerdale,4,Bad health,4.2
E07000026,Allerdale,5,Very bad health,1.2
E07000027,Barrow-in-Furness,-8,Does not apply,0
E07000027,Barrow-in-Furness,1,Very good health,44.3
E07000027,Barrow-in-Furness,2,Good health,34.4
E07000027,Barrow-in-Furness,3,Fair health,14.4
E07000027,Barrow-in-Furness,4,Bad health,5.4
E07000027,Barrow-in-Furness,5,Very bad health,1.5
E07000028,Carlisle,-8,Does not apply,0
E07000028,Carlisle,1,Very good health,46.7
E07000028,Carlisle,2,Good health,34.4
E07000028,Carlisle,3,Fair health,13.4
E07000028,Carlisle,4,Bad health,4.3
E07000028,Carlisle,5,Very bad health,1.2
E07000029,Copeland,-8,Does not apply,0
E07000029,Copeland,1,Very good health,46.8
E07000029,Copeland,2,Good health,32.6
E07000029,Copeland,3,Fair health,14.3
E07000029,Copeland,4,Bad health,4.9
E07000029,Copeland,5,Very bad health,1.4
E07000030,Eden,-8,Does not apply,0
E07000030,Eden,1,Very good health,51
E07000030,Eden,2,Good health,33.8
E07000030,Eden,3,Fair health,11.4
E07000030,Eden,4,Bad health,3
E07000030,Eden,5,Very bad health,0.8
E07000031,South Lakeland,-8,Does not apply,0
E07000031,South Lakeland,1,Very good health,52.6
E07000031,South Lakeland,2,Good health,33.2
E07000031,South Lakeland,3,Fair health,10.7
E07000031,South Lakeland,4,Bad health,2.8
E07000031,South Lakeland,5,Very bad health,0.8
E07000032,Amber Valley,-8,Does not apply,0
E07000032,Amber Valley,1,Very good health,46.2
E07000032,Amber Valley,2,Good health,35
E07000032,Amber Valley,3,Fair health,13.6
E07000032,Amber Valley,4,Bad health,4.1
E07000032,Amber Valley,5,Very bad health,1.1
E07000033,Bolsover,-8,Does not apply,0
E07000033,Bolsover,1,Very good health,42.4
E07000033,Bolsover,2,Good health,34.2
E07000033,Bolsover,3,Fair health,15.8
E07000033,Bolsover,4,Bad health,5.9
E07000033,Bolsover,5,Very bad health,1.7
E07000034,Chesterfield,-8,Does not apply,0
E07000034,Chesterfield,1,Very good health,42.7
E07000034,Chesterfield,2,Good health,34.6
E07000034,Chesterfield,3,Fair health,15.8
E07000034,Chesterfield,4,Bad health,5.4
E07000034,Chesterfield,5,Very bad health,1.5
E07000035,Derbyshire Dales,-8,Does not apply,0
E07000035,Derbyshire Dales,1,Very good health,52.2
E07000035,Derbyshire Dales,2,Good health,32.7
E07000035,Derbyshire Dales,3,Fair health,11.3
E07000035,Derbyshire Dales,4,Bad health,3
E07000035,Derbyshire Dales,5,Very bad health,0.8
E07000036,Erewash,-8,Does not apply,0
E07000036,Erewash,1,Very good health,45.1
E07000036,Erewash,2,Good health,35.2
E07000036,Erewash,3,Fair health,14.2
E07000036,Erewash,4,Bad health,4.3
E07000036,Erewash,5,Very bad health,1.2
E07000037,High Peak,-8,Does not apply,0
E07000037,High Peak,1,Very good health,49.2
E07000037,High Peak,2,Good health,33.6
E07000037,High Peak,3,Fair health,12.5
E07000037,High Peak,4,Bad health,3.6
E07000037,High Peak,5,Very bad health,1
E07000038,North East Derbyshire,-8,Does not apply,0
E07000038,North East Derbyshire,1,Very good health,46.3
E07000038,North East Derbyshire,2,Good health,33.8
E07000038,North East Derbyshire,3,Fair health,14.1
E07000038,North East Derbyshire,4,Bad health,4.6
E07000038,North East Derbyshire,5,Very bad health,1.3
E07000039,South Derbyshire,-8,Does not apply,0
E07000039,South Derbyshire,1,Very good health,47.6
E07000039,South Derbyshire,2,Good health,34.7
E07000039,South Derbyshire,3,Fair health,13
E07000039,South Derbyshire,4,Bad health,3.7
E07000039,South Derbyshire,5,Very bad health,1
E07000040,East Devon,-8,Does not apply,0
E07000040,East Devon,1,Very good health,50.9
E07000040,East Devon,2,Good health,33.8
E07000040,East Devon,3,Fair health,11.3
E07000040,East Devon,4,Bad health,3.2
E07000040,East Devon,5,Very bad health,0.8
E07000041,Exeter,-8,Does not apply,0
E07000041,Exeter,1,Very good health,48.8
E07000041,Exeter,2,Good health,33.5
E07000041,Exeter,3,Fair health,12.6
E07000041,Exeter,4,Bad health,4
E07000041,Exeter,5,Very bad health,1.2
E07000042,Mid Devon,-8,Does not apply,0
E07000042,Mid Devon,1,Very good health,48.9
E07000042,Mid Devon,2,Good health,34.5
E07000042,Mid Devon,3,Fair health,12.2
E07000042,Mid Devon,4,Bad health,3.4
E07000042,Mid Devon,5,Very bad health,1
E07000043,North Devon,-8,Does not apply,0
E07000043,North Devon,1,Very good health,49.7
E07000043,North Devon,2,Good health,33
E07000043,North Devon,3,Fair health,12.4
E07000043,North Devon,4,Bad health,3.9
E07000043,North Devon,5,Very bad health,1.1
E07000044,South Hams,-8,Does not apply,0
E07000044,South Hams,1,Very good health,53.4
E07000044,South Hams,2,Good health,31.5
E07000044,South Hams,3,Fair health,10.8
E07000044,South Hams,4,Bad health,3.3
E07000044,South Hams,5,Very bad health,1
E07000045,Teignbridge,-8,Does not apply,0
E07000045,Teignbridge,1,Very good health,49.1
E07000045,Teignbridge,2,Good health,33.9
E07000045,Teignbridge,3,Fair health,12.3
E07000045,Teignbridge,4,Bad health,3.7
E07000045,Teignbridge,5,Very bad health,1
E07000046,Torridge,-8,Does not apply,0
E07000046,Torridge,1,Very good health,48
E07000046,Torridge,2,Good health,33.7
E07000046,Torridge,3,Fair health,13.2
E07000046,Torridge,4,Bad health,4.1
E07000046,Torridge,5,Very bad health,1.1
E07000047,West Devon,-8,Does not apply,0
E07000047,West Devon,1,Very good health,49.6
E07000047,West Devon,2,Good health,33.4
E07000047,West Devon,3,Fair health,12.4
E07000047,West Devon,4,Bad health,3.6
E07000047,West Devon,5,Very bad health,1
E07000061,Eastbourne,-8,Does not apply,0
E07000061,Eastbourne,1,Very good health,45
E07000061,Eastbourne,2,Good health,35.2
E07000061,Eastbourne,3,Fair health,14
E07000061,Eastbourne,4,Bad health,4.5
E07000061,Eastbourne,5,Very bad health,1.3
E07000062,Hastings,-8,Does not apply,0
E07000062,Hastings,1,Very good health,42.5
E07000062,Hastings,2,Good health,35.1
E07000062,Hastings,3,Fair health,15.3
E07000062,Hastings,4,Bad health,5.4
E07000062,Hastings,5,Very bad health,1.7
E07000063,Lewes,-8,Does not apply,0
E07000063,Lewes,1,Very good health,48.4
E07000063,Lewes,2,Good health,34.2
E07000063,Lewes,3,Fair health,12.6
E07000063,Lewes,4,Bad health,3.8
E07000063,Lewes,5,Very bad health,1
E07000064,Rother,-8,Does not apply,0
E07000064,Rother,1,Very good health,47.6
E07000064,Rother,2,Good health,34.7
E07000064,Rother,3,Fair health,12.8
E07000064,Rother,4,Bad health,3.8
E07000064,Rother,5,Very bad health,1
E07000065,Wealden,-8,Does not apply,0
E07000065,Wealden,1,Very good health,51.4
E07000065,Wealden,2,Good health,33.8
E07000065,Wealden,3,Fair health,11
E07000065,Wealden,4,Bad health,3
E07000065,Wealden,5,Very bad health,0.8
E07000066,Basildon,-8,Does not apply,0
E07000066,Basildon,1,Very good health,46.5
E07000066,Basildon,2,Good health,35
E07000066,Basildon,3,Fair health,13.1
E07000066,Basildon,4,Bad health,4.1
E07000066,Basildon,5,Very bad health,1.3
E07000067,Braintree,-8,Does not apply,0
E07000067,Braintree,1,Very good health,47.4
E07000067,Braintree,2,Good health,35.7
E07000067,Braintree,3,Fair health,12.5
E07000067,Braintree,4,Bad health,3.4
E07000067,Braintree,5,Very bad health,0.9
E07000068,Brentwood,-8,Does not apply,0
E07000068,Brentwood,1,Very good health,54.3
E07000068,Brentwood,2,Good health,31.9
E07000068,Brentwood,3,Fair health,10.2
E07000068,Brentwood,4,Bad health,2.8
E07000068,Brentwood,5,Very bad health,0.9
E07000069,Castle Point,-8,Does not apply,0
E07000069,Castle Point,1,Very good health,48.1
E07000069,Castle Point,2,Good health,34.7
E07000069,Castle Point,3,Fair health,12.4
E07000069,Castle Point,4,Bad health,3.8
E07000069,Castle Point,5,Very bad health,1.1
E07000070,Chelmsford,-8,Does not apply,0
E07000070,Chelmsford,1,Very good health,51.2
E07000070,Chelmsford,2,Good health,34.1
E07000070,Chelmsford,3,Fair health,11.1
E07000070,Chelmsford,4,Bad health,2.8
E07000070,Chelmsford,5,Very bad health,0.8
E07000071,Colchester,-8,Does not apply,0
E07000071,Colchester,1,Very good health,47.7
E07000071,Colchester,2,Good health,35.5
E07000071,Colchester,3,Fair health,12.4
E07000071,Colchester,4,Bad health,3.4
E07000071,Colchester,5,Very bad health,1
E07000072,Epping Forest,-8,Does not apply,0
E07000072,Epping Forest,1,Very good health,51.8
E07000072,Epping Forest,2,Good health,33
E07000072,Epping Forest,3,Fair health,11.1
E07000072,Epping Forest,4,Bad health,3.1
E07000072,Epping Forest,5,Very bad health,1
E07000073,Harlow,-8,Does not apply,0
E07000073,Harlow,1,Very good health,44.3
E07000073,Harlow,2,Good health,35.5
E07000073,Harlow,3,Fair health,14.4
E07000073,Harlow,4,Bad health,4.5
E07000073,Harlow,5,Very bad health,1.3
E07000074,Maldon,-8,Does not apply,0
E07000074,Maldon,1,Very good health,49.3
E07000074,Maldon,2,Good health,34.6
E07000074,Maldon,3,Fair health,11.8
E07000074,Maldon,4,Bad health,3.3
E07000074,Maldon,5,Very bad health,0.9
E07000075,Rochford,-8,Does not apply,0
E07000075,Rochford,1,Very good health,50.7
E07000075,Rochford,2,Good health,34.1
E07000075,Rochford,3,Fair health,11.3
E07000075,Rochford,4,Bad health,3
E07000075,Rochford,5,Very bad health,0.8
E07000076,Tendring,-8,Does not apply,0
E07000076,Tendring,1,Very good health,43.5
E07000076,Tendring,2,Good health,35.2
E07000076,Tendring,3,Fair health,14.7
E07000076,Tendring,4,Bad health,5.1
E07000076,Tendring,5,Very bad health,1.5
E07000077,Uttlesford,-8,Does not apply,0
E07000077,Uttlesford,1,Very good health,54.1
E07000077,Uttlesford,2,Good health,32.9
E07000077,Uttlesford,3,Fair health,9.9
E07000077,Uttlesford,4,Bad health,2.4
E07000077,Uttlesford,5,Very bad health,0.7
E07000078,Cheltenham,-8,Does not apply,0
E07000078,Cheltenham,1,Very good health,50.6
E07000078,Cheltenham,2,Good health,33.8
E07000078,Cheltenham,3,Fair health,11.6
E07000078,Cheltenham,4,Bad health,3.1
E07000078,Cheltenham,5,Very bad health,0.9
E07000079,Cotswold,-8,Does not apply,0
E07000079,Cotswold,1,Very good health,53.6
E07000079,Cotswold,2,Good health,33
E07000079,Cotswold,3,Fair health,10.2
E07000079,Cotswold,4,Bad health,2.6
E07000079,Cotswold,5,Very bad health,0.7
E07000080,Forest of Dean,-8,Does not apply,0
E07000080,Forest of Dean,1,Very good health,47.2
E07000080,Forest of Dean,2,Good health,35
E07000080,Forest of Dean,3,Fair health,12.8
E07000080,Forest of Dean,4,Bad health,3.8
E07000080,Forest of Dean,5,Very bad health,1.1
E07000081,Gloucester,-8,Does not apply,0
E07000081,Gloucester,1,Very good health,44.9
E07000081,Gloucester,2,Good health,35.9
E07000081,Gloucester,3,Fair health,13.8
E07000081,Gloucester,4,Bad health,4.2
E07000081,Gloucester,5,Very bad health,1.1
E07000082,Stroud,-8,Does not apply,0
E07000082,Stroud,1,Very good health,50.4
E07000082,Stroud,2,Good health,34.2
E07000082,Stroud,3,Fair health,11.6
E07000082,Stroud,4,Bad health,3
E07000082,Stroud,5,Very bad health,0.8
E07000083,Tewkesbury,-8,Does not apply,0
E07000083,Tewkesbury,1,Very good health,50.6
E07000083,Tewkesbury,2,Good health,34.2
E07000083,Tewkesbury,3,Fair health,11.4
E07000083,Tewkesbury,4,Bad health,2.9
E07000083,Tewkesbury,5,Very bad health,0.8
E07000084,Basingstoke and Deane,-8,Does not apply,0
E07000084,Basingstoke and Deane,1,Very good health,49
E07000084,Basingstoke and Deane,2,Good health,35.4
E07000084,Basingstoke and Deane,3,Fair health,11.7
E07000084,Basingstoke and Deane,4,Bad health,3.1
E07000084,Basingstoke and Deane,5,Very bad health,0.8
E07000085,East Hampshire,-8,Does not apply,0
E07000085,East Hampshire,1,Very good health,52.3
E07000085,East Hampshire,2,Good health,33.9
E07000085,East Hampshire,3,Fair health,10.5
E07000085,East Hampshire,4,Bad health,2.6
E07000085,East Hampshire,5,Very bad health,0.6
E07000086,Eastleigh,-8,Does not apply,0
E07000086,Eastleigh,1,Very good health,49.4
E07000086,Eastleigh,2,Good health,35.1
E07000086,Eastleigh,3,Fair health,11.7
E07000086,Eastleigh,4,Bad health,3
E07000086,Eastleigh,5,Very bad health,0.8
E07000087,Fareham,-8,Does not apply,0
E07000087,Fareham,1,Very good health,50.8
E07000087,Fareham,2,Good health,34.7
E07000087,Fareham,3,Fair health,11
E07000087,Fareham,4,Bad health,2.8
E07000087,Fareham,5,Very bad health,0.7
E07000088,Gosport,-8,Does not apply,0
E07000088,Gosport,1,Very good health,43.8
E07000088,Gosport,2,Good health,36.5
E07000088,Gosport,3,Fair health,14.4
E07000088,Gosport,4,Bad health,4.2
E07000088,Gosport,5,Very bad health,1
E07000089,Hart,-8,Does not apply,0
E07000089,Hart,1,Very good health,54.8
E07000089,Hart,2,Good health,33.1
E07000089,Hart,3,Fair health,9.3
E07000089,Hart,4,Bad health,2.2
E07000089,Hart,5,Very bad health,0.6
E07000090,Havant,-8,Does not apply,0
E07000090,Havant,1,Very good health,46.1
E07000090,Havant,2,Good health,35.4
E07000090,Havant,3,Fair health,13.4
E07000090,Havant,4,Bad health,4
E07000090,Havant,5,Very bad health,1.1
E07000091,New Forest,-8,Does not apply,0
E07000091,New Forest,1,Very good health,50.5
E07000091,New Forest,2,Good health,34.3
E07000091,New Forest,3,Fair health,11.3
E07000091,New Forest,4,Bad health,3
E07000091,New Forest,5,Very bad health,0.8
E07000092,Rushmoor,-8,Does not apply,0
E07000092,Rushmoor,1,Very good health,47.1
E07000092,Rushmoor,2,Good health,35.5
E07000092,Rushmoor,3,Fair health,13.1
E07000092,Rushmoor,4,Bad health,3.4
E07000092,Rushmoor,5,Very bad health,0.9
E07000093,Test Valley,-8,Does not apply,0
E07000093,Test Valley,1,Very good health,51
E07000093,Test Valley,2,Good health,34.3
E07000093,Test Valley,3,Fair health,11
E07000093,Test Valley,4,Bad health,2.9
E07000093,Test Valley,5,Very bad health,0.8
E07000094,Winchester,-8,Does not apply,0
E07000094,Winchester,1,Very good health,53.6
E07000094,Winchester,2,Good health,33.1
E07000094,Winchester,3,Fair health,10
E07000094,Winchester,4,Bad health,2.6
E07000094,Winchester,5,Very bad health,0.7
E07000095,Broxbourne,-8,Does not apply,0
E07000095,Broxbourne,1,Very good health,48.7
E07000095,Broxbourne,2,Good health,34.4
E07000095,Broxbourne,3,Fair health,12.3
E07000095,Broxbourne,4,Bad health,3.5
E07000095,Broxbourne,5,Very bad health,1
E07000096,Dacorum,-8,Does not apply,0
E07000096,Dacorum,1,Very good health,50.7
E07000096,Dacorum,2,Good health,33.8
E07000096,Dacorum,3,Fair health,11.5
E07000096,Dacorum,4,Bad health,3.2
E07000096,Dacorum,5,Very bad health,0.8
E07000098,Hertsmere,-8,Does not apply,0
E07000098,Hertsmere,1,Very good health,52.3
E07000098,Hertsmere,2,Good health,32.6
E07000098,Hertsmere,3,Fair health,11.1
E07000098,Hertsmere,4,Bad health,3.1
E07000098,Hertsmere,5,Very bad health,0.9
E07000099,North Hertfordshire,-8,Does not apply,0
E07000099,North Hertfordshire,1,Very good health,50.3
E07000099,North Hertfordshire,2,Good health,34.4
E07000099,North Hertfordshire,3,Fair health,11.5
E07000099,North Hertfordshire,4,Bad health,3
E07000099,North Hertfordshire,5,Very bad health,0.8
E07000102,Three Rivers,-8,Does not apply,0
E07000102,Three Rivers,1,Very good health,52.8
E07000102,Three Rivers,2,Good health,32.9
E07000102,Three Rivers,3,Fair health,10.7
E07000102,Three Rivers,4,Bad health,2.8
E07000102,Three Rivers,5,Very bad health,0.8
E07000103,Watford,-8,Does not apply,0
E07000103,Watford,1,Very good health,48.2
E07000103,Watford,2,Good health,34.7
E07000103,Watford,3,Fair health,12.4
E07000103,Watford,4,Bad health,3.6
E07000103,Watford,5,Very bad health,1
E07000105,Ashford,-8,Does not apply,0
E07000105,Ashford,1,Very good health,47.8
E07000105,Ashford,2,Good health,35
E07000105,Ashford,3,Fair health,12.6
E07000105,Ashford,4,Bad health,3.6
E07000105,Ashford,5,Very bad health,1
E07000106,Canterbury,-8,Does not apply,0
E07000106,Canterbury,1,Very good health,47.5
E07000106,Canterbury,2,Good health,34.7
E07000106,Canterbury,3,Fair health,12.8
E07000106,Canterbury,4,Bad health,3.9
E07000106,Canterbury,5,Very bad health,1.1
E07000107,Dartford,-8,Does not apply,0
E07000107,Dartford,1,Very good health,48.4
E07000107,Dartford,2,Good health,34.5
E07000107,Dartford,3,Fair health,12.6
E07000107,Dartford,4,Bad health,3.5
E07000107,Dartford,5,Very bad health,1
E07000108,Dover,-8,Does not apply,0
E07000108,Dover,1,Very good health,45.8
E07000108,Dover,2,Good health,34.9
E07000108,Dover,3,Fair health,13.6
E07000108,Dover,4,Bad health,4.5
E07000108,Dover,5,Very bad health,1.3
E07000109,Gravesham,-8,Does not apply,0
E07000109,Gravesham,1,Very good health,46.7
E07000109,Gravesham,2,Good health,34.9
E07000109,Gravesham,3,Fair health,13.2
E07000109,Gravesham,4,Bad health,4.1
E07000109,Gravesham,5,Very bad health,1.1
E07000110,Maidstone,-8,Does not apply,0
E07000110,Maidstone,1,Very good health,49.2
E07000110,Maidstone,2,Good health,34.4
E07000110,Maidstone,3,Fair health,12.1
E07000110,Maidstone,4,Bad health,3.4
E07000110,Maidstone,5,Very bad health,1
E07000111,Sevenoaks,-8,Does not apply,0
E07000111,Sevenoaks,1,Very good health,53.1
E07000111,Sevenoaks,2,Good health,32.5
E07000111,Sevenoaks,3,Fair health,10.7
E07000111,Sevenoaks,4,Bad health,2.9
E07000111,Sevenoaks,5,Very bad health,0.9
E07000112,Folkestone and Hythe,-8,Does not apply,0
E07000112,Folkestone and Hythe,1,Very good health,45.6
E07000112,Folkestone and Hythe,2,Good health,34.6
E07000112,Folkestone and Hythe,3,Fair health,14
E07000112,Folkestone and Hythe,4,Bad health,4.6
E07000112,Folkestone and Hythe,5,Very bad health,1.3
E07000113,Swale,-8,Does not apply,0
E07000113,Swale,1,Very good health,44.6
E07000113,Swale,2,Good health,35.2
E07000113,Swale,3,Fair health,14.4
E07000113,Swale,4,Bad health,4.5
E07000113,Swale,5,Very bad health,1.3
E07000114,Thanet,-8,Does not apply,0
E07000114,Thanet,1,Very good health,43.2
E07000114,Thanet,2,Good health,35.2
E07000114,Thanet,3,Fair health,14.9
E07000114,Thanet,4,Bad health,5.2
E07000114,Thanet,5,Very bad health,1.6
E07000115,Tonbridge and Malling,-8,Does not apply,0
E07000115,Tonbridge and Malling,1,Very good health,50.7
E07000115,Tonbridge and Malling,2,Good health,33.9
E07000115,Tonbridge and Malling,3,Fair health,11.4
E07000115,Tonbridge and Malling,4,Bad health,3.2
E07000115,Tonbridge and Malling,5,Very bad health,0.9
E07000116,Tunbridge Wells,-8,Does not apply,0
E07000116,Tunbridge Wells,1,Very good health,52.4
E07000116,Tunbridge Wells,2,Good health,33
E07000116,Tunbridge Wells,3,Fair health,10.9
E07000116,Tunbridge Wells,4,Bad health,2.9
E07000116,Tunbridge Wells,5,Very bad health,0.8
E07000117,Burnley,-8,Does not apply,0
E07000117,Burnley,1,Very good health,43.2
E07000117,Burnley,2,Good health,34
E07000117,Burnley,3,Fair health,15.4
E07000117,Burnley,4,Bad health,5.7
E07000117,Burnley,5,Very bad health,1.7
E07000118,Chorley,-8,Does not apply,0
E07000118,Chorley,1,Very good health,49.2
E07000118,Chorley,2,Good health,33.1
E07000118,Chorley,3,Fair health,12.7
E07000118,Chorley,4,Bad health,3.9
E07000118,Chorley,5,Very bad health,1.1
E07000119,Fylde,-8,Does not apply,0
E07000119,Fylde,1,Very good health,50.4
E07000119,Fylde,2,Good health,32.4
E07000119,Fylde,3,Fair health,12.3
E07000119,Fylde,4,Bad health,3.8
E07000119,Fylde,5,Very bad health,1.1
E07000120,Hyndburn,-8,Does not apply,0
E07000120,Hyndburn,1,Very good health,42.3
E07000120,Hyndburn,2,Good health,34.9
E07000120,Hyndburn,3,Fair health,15.4
E07000120,Hyndburn,4,Bad health,5.6
E07000120,Hyndburn,5,Very bad health,1.7
E07000121,Lancaster,-8,Does not apply,0
E07000121,Lancaster,1,Very good health,46.4
E07000121,Lancaster,2,Good health,34.4
E07000121,Lancaster,3,Fair health,13.6
E07000121,Lancaster,4,Bad health,4.4
E07000121,Lancaster,5,Very bad health,1.3
E07000122,Pendle,-8,Does not apply,0
E07000122,Pendle,1,Very good health,44.7
E07000122,Pendle,2,Good health,34.5
E07000122,Pendle,3,Fair health,14.6
E07000122,Pendle,4,Bad health,4.8
E07000122,Pendle,5,Very bad health,1.4
E07000123,Preston,-8,Does not apply,0
E07000123,Preston,1,Very good health,45.1
E07000123,Preston,2,Good health,34
E07000123,Preston,3,Fair health,14.5
E07000123,Preston,4,Bad health,5
E07000123,Preston,5,Very bad health,1.5
E07000124,Ribble Valley,-8,Does not apply,0
E07000124,Ribble Valley,1,Very good health,55.4
E07000124,Ribble Valley,2,Good health,31
E07000124,Ribble Valley,3,Fair health,10.3
E07000124,Ribble Valley,4,Bad health,2.7
E07000124,Ribble Valley,5,Very bad health,0.7
E07000125,Rossendale,-8,Does not apply,0
E07000125,Rossendale,1,Very good health,46.6
E07000125,Rossendale,2,Good health,33.4
E07000125,Rossendale,3,Fair health,13.8
E07000125,Rossendale,4,Bad health,4.9
E07000125,Rossendale,5,Very bad health,1.3
E07000126,South Ribble,-8,Does not apply,0
E07000126,South Ribble,1,Very good health,48.9
E07000126,South Ribble,2,Good health,33.8
E07000126,South Ribble,3,Fair health,12.5
E07000126,South Ribble,4,Bad health,3.7
E07000126,South Ribble,5,Very bad health,1
E07000127,West Lancashire,-8,Does not apply,0
E07000127,West Lancashire,1,Very good health,49.1
E07000127,West Lancashire,2,Good health,33
E07000127,West Lancashire,3,Fair health,12.5
E07000127,West Lancashire,4,Bad health,4.2
E07000127,West Lancashire,5,Very bad health,1.2
E07000128,Wyre,-8,Does not apply,0
E07000128,Wyre,1,Very good health,48.3
E07000128,Wyre,2,Good health,32.5
E07000128,Wyre,3,Fair health,13.3
E07000128,Wyre,4,Bad health,4.5
E07000128,Wyre,5,Very bad health,1.4
E07000129,Blaby,-8,Does not apply,0
E07000129,Blaby,1,Very good health,49.2
E07000129,Blaby,2,Good health,34.6
E07000129,Blaby,3,Fair health,12.1
E07000129,Blaby,4,Bad health,3.2
E07000129,Blaby,5,Very bad health,0.9
E07000130,Charnwood,-8,Does not apply,0
E07000130,Charnwood,1,Very good health,48
E07000130,Charnwood,2,Good health,35.1
E07000130,Charnwood,3,Fair health,12.5
E07000130,Charnwood,4,Bad health,3.4
E07000130,Charnwood,5,Very bad health,1
E07000131,Harborough,-8,Does not apply,0
E07000131,Harborough,1,Very good health,52.8
E07000131,Harborough,2,Good health,33.1
E07000131,Harborough,3,Fair health,10.6
E07000131,Harborough,4,Bad health,2.7
E07000131,Harborough,5,Very bad health,0.7
E07000132,Hinckley and Bosworth,-8,Does not apply,0
E07000132,Hinckley and Bosworth,1,Very good health,47.9
E07000132,Hinckley and Bosworth,2,Good health,35.2
E07000132,Hinckley and Bosworth,3,Fair health,12.5
E07000132,Hinckley and Bosworth,4,Bad health,3.5
E07000132,Hinckley and Bosworth,5,Very bad health,1
E07000133,Melton,-8,Does not apply,0
E07000133,Melton,1,Very good health,49.8
E07000133,Melton,2,Good health,34.5
E07000133,Melton,3,Fair health,12
E07000133,Melton,4,Bad health,2.9
E07000133,Melton,5,Very bad health,0.8
E07000134,North West Leicestershire,-8,Does not apply,0
E07000134,North West Leicestershire,1,Very good health,47.2
E07000134,North West Leicestershire,2,Good health,35.1
E07000134,North West Leicestershire,3,Fair health,12.9
E07000134,North West Leicestershire,4,Bad health,3.7
E07000134,North West Leicestershire,5,Very bad health,1.1
E07000135,Oadby and Wigston,-8,Does not apply,0
E07000135,Oadby and Wigston,1,Very good health,46.2
E07000135,Oadby and Wigston,2,Good health,36.4
E07000135,Oadby and Wigston,3,Fair health,12.8
E07000135,Oadby and Wigston,4,Bad health,3.6
E07000135,Oadby and Wigston,5,Very bad health,1
E07000136,Boston,-8,Does not apply,0
E07000136,Boston,1,Very good health,42.2
E07000136,Boston,2,Good health,37.3
E07000136,Boston,3,Fair health,14.7
E07000136,Boston,4,Bad health,4.5
E07000136,Boston,5,Very bad health,1.2
E07000137,East Lindsey,-8,Does not apply,0
E07000137,East Lindsey,1,Very good health,42.8
E07000137,East Lindsey,2,Good health,35
E07000137,East Lindsey,3,Fair health,15.4
E07000137,East Lindsey,4,Bad health,5.3
E07000137,East Lindsey,5,Very bad health,1.5
E07000138,Lincoln,-8,Does not apply,0
E07000138,Lincoln,1,Very good health,41.1
E07000138,Lincoln,2,Good health,37
E07000138,Lincoln,3,Fair health,15.5
E07000138,Lincoln,4,Bad health,5.1
E07000138,Lincoln,5,Very bad health,1.4
E07000139,North Kesteven,-8,Does not apply,0
E07000139,North Kesteven,1,Very good health,48.2
E07000139,North Kesteven,2,Good health,35
E07000139,North Kesteven,3,Fair health,12.4
E07000139,North Kesteven,4,Bad health,3.5
E07000139,North Kesteven,5,Very bad health,0.9
E07000140,South Holland,-8,Does not apply,0
E07000140,South Holland,1,Very good health,43.4
E07000140,South Holland,2,Good health,37.5
E07000140,South Holland,3,Fair health,14
E07000140,South Holland,4,Bad health,4.1
E07000140,South Holland,5,Very bad health,1.1
E07000141,South Kesteven,-8,Does not apply,0
E07000141,South Kesteven,1,Very good health,47.5
E07000141,South Kesteven,2,Good health,35.4
E07000141,South Kesteven,3,Fair health,12.6
E07000141,South Kesteven,4,Bad health,3.5
E07000141,South Kesteven,5,Very bad health,0.9
E07000142,West Lindsey,-8,Does not apply,0
E07000142,West Lindsey,1,Very good health,46.3
E07000142,West Lindsey,2,Good health,35.4
E07000142,West Lindsey,3,Fair health,13.3
E07000142,West Lindsey,4,Bad health,4
E07000142,West Lindsey,5,Very bad health,1
E07000143,Breckland,-8,Does not apply,0
E07000143,Breckland,1,Very good health,44.7
E07000143,Breckland,2,Good health,36.8
E07000143,Breckland,3,Fair health,13.6
E07000143,Breckland,4,Bad health,3.9
E07000143,Breckland,5,Very bad health,1
E07000144,Broadland,-8,Does not apply,0
E07000144,Broadland,1,Very good health,48.2
E07000144,Broadland,2,Good health,35.6
E07000144,Broadland,3,Fair health,12.2
E07000144,Broadland,4,Bad health,3.2
E07000144,Broadland,5,Very bad health,0.8
E07000145,Great Yarmouth,-8,Does not apply,0
E07000145,Great Yarmouth,1,Very good health,41.8
E07000145,Great Yarmouth,2,Good health,35.9
E07000145,Great Yarmouth,3,Fair health,15.6
E07000145,Great Yarmouth,4,Bad health,5.3
E07000145,Great Yarmouth,5,Very bad health,1.5
E07000146,King's Lynn and West Norfolk,-8,Does not apply,0
E07000146,King's Lynn and West Norfolk,1,Very good health,44.3
E07000146,King's Lynn and West Norfolk,2,Good health,36.6
E07000146,King's Lynn and West Norfolk,3,Fair health,13.9
E07000146,King's Lynn and West Norfolk,4,Bad health,4.1
E07000146,King's Lynn and West Norfolk,5,Very bad health,1.2
E07000147,North Norfolk,-8,Does not apply,0
E07000147,North Norfolk,1,Very good health,45.3
E07000147,North Norfolk,2,Good health,36
E07000147,North Norfolk,3,Fair health,13.8
E07000147,North Norfolk,4,Bad health,3.8
E07000147,North Norfolk,5,Very bad health,1.1
E07000148,Norwich,-8,Does not apply,0
E07000148,Norwich,1,Very good health,41.5
E07000148,Norwich,2,Good health,36.5
E07000148,Norwich,3,Fair health,15.6
E07000148,Norwich,4,Bad health,5.1
E07000148,Norwich,5,Very bad health,1.4
E07000149,South Norfolk,-8,Does not apply,0
E07000149,South Norfolk,1,Very good health,49
E07000149,South Norfolk,2,Good health,35
E07000149,South Norfolk,3,Fair health,12
E07000149,South Norfolk,4,Bad health,3.1
E07000149,South Norfolk,5,Very bad health,0.8
E07000163,Craven,-8,Does not apply,0
E07000163,Craven,1,Very good health,51.9
E07000163,Craven,2,Good health,33.6
E07000163,Craven,3,Fair health,11
E07000163,Craven,4,Bad health,2.8
E07000163,Craven,5,Very bad health,0.8
E07000164,Hambleton,-8,Does not apply,0
E07000164,Hambleton,1,Very good health,51.8
E07000164,Hambleton,2,Good health,33.6
E07000164,Hambleton,3,Fair health,10.9
E07000164,Hambleton,4,Bad health,2.9
E07000164,Hambleton,5,Very bad health,0.8
E07000165,Harrogate,-8,Does not apply,0
E07000165,Harrogate,1,Very good health,53
E07000165,Harrogate,2,Good health,32.9
E07000165,Harrogate,3,Fair health,10.6
E07000165,Harrogate,4,Bad health,2.7
E07000165,Harrogate,5,Very bad health,0.7
E07000166,Richmondshire,-8,Does not apply,0
E07000166,Richmondshire,1,Very good health,51.7
E07000166,Richmondshire,2,Good health,33.2
E07000166,Richmondshire,3,Fair health,11.3
E07000166,Richmondshire,4,Bad health,2.9
E07000166,Richmondshire,5,Very bad health,0.8
E07000167,Ryedale,-8,Does not apply,0
E07000167,Ryedale,1,Very good health,50
E07000167,Ryedale,2,Good health,34.3
E07000167,Ryedale,3,Fair health,11.8
E07000167,Ryedale,4,Bad health,3
E07000167,Ryedale,5,Very bad health,0.9
E07000168,Scarborough,-8,Does not apply,0
E07000168,Scarborough,1,Very good health,45
E07000168,Scarborough,2,Good health,35.1
E07000168,Scarborough,3,Fair health,13.9
E07000168,Scarborough,4,Bad health,4.6
E07000168,Scarborough,5,Very bad health,1.3
E07000169,Selby,-8,Does not apply,0
E07000169,Selby,1,Very good health,49.3
E07000169,Selby,2,Good health,34.4
E07000169,Selby,3,Fair health,12.1
E07000169,Selby,4,Bad health,3.3
E07000169,Selby,5,Very bad health,0.9
E07000170,Ashfield,-8,Does not apply,0
E07000170,Ashfield,1,Very good health,42.2
E07000170,Ashfield,2,Good health,35
E07000170,Ashfield,3,Fair health,15.7
E07000170,Ashfield,4,Bad health,5.5
E07000170,Ashfield,5,Very bad health,1.6
E07000171,Bassetlaw,-8,Does not apply,0
E07000171,Bassetlaw,1,Very good health,45.2
E07000171,Bassetlaw,2,Good health,34.6
E07000171,Bassetlaw,3,Fair health,14.4
E07000171,Bassetlaw,4,Bad health,4.5
E07000171,Bassetlaw,5,Very bad health,1.4
E07000172,Broxtowe,-8,Does not apply,0
E07000172,Broxtowe,1,Very good health,47.3
E07000172,Broxtowe,2,Good health,34.4
E07000172,Broxtowe,3,Fair health,13.3
E07000172,Broxtowe,4,Bad health,3.8
E07000172,Broxtowe,5,Very bad health,1.1
E07000173,Gedling,-8,Does not apply,0
E07000173,Gedling,1,Very good health,47
E07000173,Gedling,2,Good health,34.7
E07000173,Gedling,3,Fair health,13.2
E07000173,Gedling,4,Bad health,3.9
E07000173,Gedling,5,Very bad health,1.1
E07000174,Mansfield,-8,Does not apply,0
E07000174,Mansfield,1,Very good health,42.4
E07000174,Mansfield,2,Good health,34.6
E07000174,Mansfield,3,Fair health,15.7
E07000174,Mansfield,4,Bad health,5.6
E07000174,Mansfield,5,Very bad health,1.6
E07000175,Newark and Sherwood,-8,Does not apply,0
E07000175,Newark and Sherwood,1,Very good health,46
E07000175,Newark and Sherwood,2,Good health,34.8
E07000175,Newark and Sherwood,3,Fair health,13.7
E07000175,Newark and Sherwood,4,Bad health,4.3
E07000175,Newark and Sherwood,5,Very bad health,1.2
E07000176,Rushcliffe,-8,Does not apply,0
E07000176,Rushcliffe,1,Very good health,54
E07000176,Rushcliffe,2,Good health,31.9
E07000176,Rushcliffe,3,Fair health,10.4
E07000176,Rushcliffe,4,Bad health,2.9
E07000176,Rushcliffe,5,Very bad health,0.8
E07000177,Cherwell,-8,Does not apply,0
E07000177,Cherwell,1,Very good health,49.7
E07000177,Cherwell,2,Good health,34.8
E07000177,Cherwell,3,Fair health,11.6
E07000177,Cherwell,4,Bad health,3.1
E07000177,Cherwell,5,Very bad health,0.8
E07000178,Oxford,-8,Does not apply,0
E07000178,Oxford,1,Very good health,50
E07000178,Oxford,2,Good health,33.4
E07000178,Oxford,3,Fair health,12.1
E07000178,Oxford,4,Bad health,3.4
E07000178,Oxford,5,Very bad health,1
E07000179,South Oxfordshire,-8,Does not apply,0
E07000179,South Oxfordshire,1,Very good health,53.9
E07000179,South Oxfordshire,2,Good health,33
E07000179,South Oxfordshire,3,Fair health,10
E07000179,South Oxfordshire,4,Bad health,2.5
E07000179,South Oxfordshire,5,Very bad health,0.7
E07000180,Vale of White Horse,-8,Does not apply,0
E07000180,Vale of White Horse,1,Very good health,52.1
E07000180,Vale of White Horse,2,Good health,34
E07000180,Vale of White Horse,3,Fair health,10.7
E07000180,Vale of White Horse,4,Bad health,2.6
E07000180,Vale of White Horse,5,Very bad health,0.6
E07000181,West Oxfordshire,-8,Does not apply,0
E07000181,West Oxfordshire,1,Very good health,52.2
E07000181,West Oxfordshire,2,Good health,33.9
E07000181,West Oxfordshire,3,Fair health,10.6
E07000181,West Oxfordshire,4,Bad health,2.6
E07000181,West Oxfordshire,5,Very bad health,0.7
E07000187,Mendip,-8,Does not apply,0
E07000187,Mendip,1,Very good health,49.5
E07000187,Mendip,2,Good health,34.1
E07000187,Mendip,3,Fair health,12.1
E07000187,Mendip,4,Bad health,3.4
E07000187,Mendip,5,Very bad health,0.9
E07000188,Sedgemoor,-8,Does not apply,0
E07000188,Sedgemoor,1,Very good health,46.3
E07000188,Sedgemoor,2,Good health,35.4
E07000188,Sedgemoor,3,Fair health,13.1
E07000188,Sedgemoor,4,Bad health,4
E07000188,Sedgemoor,5,Very bad health,1.1
E07000189,South Somerset,-8,Does not apply,0
E07000189,South Somerset,1,Very good health,48.3
E07000189,South Somerset,2,Good health,35
E07000189,South Somerset,3,Fair health,12.3
E07000189,South Somerset,4,Bad health,3.5
E07000189,South Somerset,5,Very bad health,1
E07000192,Cannock Chase,-8,Does not apply,0
E07000192,Cannock Chase,1,Very good health,43.3
E07000192,Cannock Chase,2,Good health,35.7
E07000192,Cannock Chase,3,Fair health,14.7
E07000192,Cannock Chase,4,Bad health,4.9
E07000192,Cannock Chase,5,Very bad health,1.5
E07000193,East Staffordshire,-8,Does not apply,0
E07000193,East Staffordshire,1,Very good health,45.7
E07000193,East Staffordshire,2,Good health,35.9
E07000193,East Staffordshire,3,Fair health,13.4
E07000193,East Staffordshire,4,Bad health,3.8
E07000193,East Staffordshire,5,Very bad health,1.1
E07000194,Lichfield,-8,Does not apply,0
E07000194,Lichfield,1,Very good health,49.3
E07000194,Lichfield,2,Good health,34.3
E07000194,Lichfield,3,Fair health,12
E07000194,Lichfield,4,Bad health,3.5
E07000194,Lichfield,5,Very bad health,1
E07000195,Newcastle-under-Lyme,-8,Does not apply,0
E07000195,Newcastle-under-Lyme,1,Very good health,44.8
E07000195,Newcastle-under-Lyme,2,Good health,35.3
E07000195,Newcastle-under-Lyme,3,Fair health,13.9
E07000195,Newcastle-under-Lyme,4,Bad health,4.6
E07000195,Newcastle-under-Lyme,5,Very bad health,1.3
E07000196,South Staffordshire,-8,Does not apply,0
E07000196,South Staffordshire,1,Very good health,48.2
E07000196,South Staffordshire,2,Good health,34.8
E07000196,South Staffordshire,3,Fair health,12.4
E07000196,South Staffordshire,4,Bad health,3.6
E07000196,South Staffordshire,5,Very bad health,1
E07000197,Stafford,-8,Does not apply,0
E07000197,Stafford,1,Very good health,48.5
E07000197,Stafford,2,Good health,34.5
E07000197,Stafford,3,Fair health,12.4
E07000197,Stafford,4,Bad health,3.5
E07000197,Stafford,5,Very bad health,1
E07000198,Staffordshire Moorlands,-8,Does not apply,0
E07000198,Staffordshire Moorlands,1,Very good health,48.3
E07000198,Staffordshire Moorlands,2,Good health,34.4
E07000198,Staffordshire Moorlands,3,Fair health,12.4
E07000198,Staffordshire Moorlands,4,Bad health,3.7
E07000198,Staffordshire Moorlands,5,Very bad health,1.1
E07000199,Tamworth,-8,Does not apply,0
E07000199,Tamworth,1,Very good health,44.6
E07000199,Tamworth,2,Good health,35.2
E07000199,Tamworth,3,Fair health,14.3
E07000199,Tamworth,4,Bad health,4.5
E07000199,Tamworth,5,Very bad health,1.4
E07000200,Babergh,-8,Does not apply,0
E07000200,Babergh,1,Very good health,49.5
E07000200,Babergh,2,Good health,35
E07000200,Babergh,3,Fair health,11.7
E07000200,Babergh,4,Bad health,3
E07000200,Babergh,5,Very bad health,0.8
E07000202,Ipswich,-8,Does not apply,0
E07000202,Ipswich,1,Very good health,43.4
E07000202,Ipswich,2,Good health,36.6
E07000202,Ipswich,3,Fair health,14.5
E07000202,Ipswich,4,Bad health,4.3
E07000202,Ipswich,5,Very bad health,1.2
E07000203,Mid Suffolk,-8,Does not apply,0
E07000203,Mid Suffolk,1,Very good health,49.7
E07000203,Mid Suffolk,2,Good health,35.1
E07000203,Mid Suffolk,3,Fair health,11.5
E07000203,Mid Suffolk,4,Bad health,3
E07000203,Mid Suffolk,5,Very bad health,0.7
E07000207,Elmbridge,-8,Does not apply,0
E07000207,Elmbridge,1,Very good health,57.7
E07000207,Elmbridge,2,Good health,30.4
E07000207,Elmbridge,3,Fair health,9
E07000207,Elmbridge,4,Bad health,2.2
E07000207,Elmbridge,5,Very bad health,0.7
E07000208,Epsom and Ewell,-8,Does not apply,0
E07000208,Epsom and Ewell,1,Very good health,53.2
E07000208,Epsom and Ewell,2,Good health,33.3
E07000208,Epsom and Ewell,3,Fair health,10.3
E07000208,Epsom and Ewell,4,Bad health,2.5
E07000208,Epsom and Ewell,5,Very bad health,0.7
E07000209,Guildford,-8,Does not apply,0
E07000209,Guildford,1,Very good health,53.8
E07000209,Guildford,2,Good health,33
E07000209,Guildford,3,Fair health,9.9
E07000209,Guildford,4,Bad health,2.6
E07000209,Guildford,5,Very bad health,0.8
E07000210,Mole Valley,-8,Does not apply,0
E07000210,Mole Valley,1,Very good health,54.8
E07000210,Mole Valley,2,Good health,32.3
E07000210,Mole Valley,3,Fair health,9.7
E07000210,Mole Valley,4,Bad health,2.5
E07000210,Mole Valley,5,Very bad health,0.7
E07000211,Reigate and Banstead,-8,Does not apply,0
E07000211,Reigate and Banstead,1,Very good health,52.6
E07000211,Reigate and Banstead,2,Good health,33.2
E07000211,Reigate and Banstead,3,Fair health,10.7
E07000211,Reigate and Banstead,4,Bad health,2.7
E07000211,Reigate and Banstead,5,Very bad health,0.8
E07000212,Runnymede,-8,Does not apply,0
E07000212,Runnymede,1,Very good health,51.2
E07000212,Runnymede,2,Good health,34.1
E07000212,Runnymede,3,Fair health,11
E07000212,Runnymede,4,Bad health,2.9
E07000212,Runnymede,5,Very bad health,0.8
E07000213,Spelthorne,-8,Does not apply,0
E07000213,Spelthorne,1,Very good health,49.8
E07000213,Spelthorne,2,Good health,34.8
E07000213,Spelthorne,3,Fair health,11.5
E07000213,Spelthorne,4,Bad health,3
E07000213,Spelthorne,5,Very bad health,0.9
E07000214,Surrey Heath,-8,Does not apply,0
E07000214,Surrey Heath,1,Very good health,54.1
E07000214,Surrey Heath,2,Good health,32.9
E07000214,Surrey Heath,3,Fair health,10
E07000214,Surrey Heath,4,Bad health,2.4
E07000214,Surrey Heath,5,Very bad health,0.7
E07000215,Tandridge,-8,Does not apply,0
E07000215,Tandridge,1,Very good health,52.7
E07000215,Tandridge,2,Good health,33.1
E07000215,Tandridge,3,Fair health,10.6
E07000215,Tandridge,4,Bad health,2.8
E07000215,Tandridge,5,Very bad health,0.8
E07000216,Waverley,-8,Does not apply,0
E07000216,Waverley,1,Very good health,55.3
E07000216,Waverley,2,Good health,32.3
E07000216,Waverley,3,Fair health,9.5
E07000216,Waverley,4,Bad health,2.3
E07000216,Waverley,5,Very bad health,0.6
E07000217,Woking,-8,Does not apply,0
E07000217,Woking,1,Very good health,51.7
E07000217,Woking,2,Good health,33.9
E07000217,Woking,3,Fair health,10.8
E07000217,Woking,4,Bad health,2.9
E07000217,Woking,5,Very bad health,0.8
E07000218,North Warwickshire,-8,Does not apply,0
E07000218,North Warwickshire,1,Very good health,47
E07000218,North Warwickshire,2,Good health,34.4
E07000218,North Warwickshire,3,Fair health,13.3
E07000218,North Warwickshire,4,Bad health,4.1
E07000218,North Warwickshire,5,Very bad health,1.2
E07000219,Nuneaton and Bedworth,-8,Does not apply,0
E07000219,Nuneaton and Bedworth,1,Very good health,43.5
E07000219,Nuneaton and Bedworth,2,Good health,35.8
E07000219,Nuneaton and Bedworth,3,Fair health,14.7
E07000219,Nuneaton and Bedworth,4,Bad health,4.6
E07000219,Nuneaton and Bedworth,5,Very bad health,1.4
E07000220,Rugby,-8,Does not apply,0
E07000220,Rugby,1,Very good health,47.8
E07000220,Rugby,2,Good health,35.4
E07000220,Rugby,3,Fair health,12.4
E07000220,Rugby,4,Bad health,3.5
E07000220,Rugby,5,Very bad health,0.9
E07000221,Stratford-on-Avon,-8,Does not apply,0
E07000221,Stratford-on-Avon,1,Very good health,52.5
E07000221,Stratford-on-Avon,2,Good health,33.3
E07000221,Stratford-on-Avon,3,Fair health,10.6
E07000221,Stratford-on-Avon,4,Bad health,2.8
E07000221,Stratford-on-Avon,5,Very bad health,0.8
E07000222,Warwick,-8,Does not apply,0
E07000222,Warwick,1,Very good health,51.6
E07000222,Warwick,2,Good health,33.5
E07000222,Warwick,3,Fair health,11.1
E07000222,Warwick,4,Bad health,3
E07000222,Warwick,5,Very bad health,0.8
E07000223,Adur,-8,Does not apply,0
E07000223,Adur,1,Very good health,47
E07000223,Adur,2,Good health,34.8
E07000223,Adur,3,Fair health,13.1
E07000223,Adur,4,Bad health,4
E07000223,Adur,5,Very bad health,1.1
E07000224,Arun,-8,Does not apply,0
E07000224,Arun,1,Very good health,46.9
E07000224,Arun,2,Good health,35.9
E07000224,Arun,3,Fair health,12.7
E07000224,Arun,4,Bad health,3.6
E07000224,Arun,5,Very bad health,0.9
E07000225,Chichester,-8,Does not apply,0
E07000225,Chichester,1,Very good health,52.3
E07000225,Chichester,2,Good health,33.3
E07000225,Chichester,3,Fair health,10.7
E07000225,Chichester,4,Bad health,2.9
E07000225,Chichester,5,Very bad health,0.8
E07000226,Crawley,-8,Does not apply,0
E07000226,Crawley,1,Very good health,45.4
E07000226,Crawley,2,Good health,36
E07000226,Crawley,3,Fair health,13.5
E07000226,Crawley,4,Bad health,4
E07000226,Crawley,5,Very bad health,1.2
E07000227,Horsham,-8,Does not apply,0
E07000227,Horsham,1,Very good health,52.9
E07000227,Horsham,2,Good health,33.6
E07000227,Horsham,3,Fair health,10.2
E07000227,Horsham,4,Bad health,2.5
E07000227,Horsham,5,Very bad health,0.7
E07000228,Mid Sussex,-8,Does not apply,0
E07000228,Mid Sussex,1,Very good health,53.2
E07000228,Mid Sussex,2,Good health,33.3
E07000228,Mid Sussex,3,Fair health,10.2
E07000228,Mid Sussex,4,Bad health,2.6
E07000228,Mid Sussex,5,Very bad health,0.7
E07000229,Worthing,-8,Does not apply,0
E07000229,Worthing,1,Very good health,46.7
E07000229,Worthing,2,Good health,35.5
E07000229,Worthing,3,Fair health,13
E07000229,Worthing,4,Bad health,3.8
E07000229,Worthing,5,Very bad health,1.1
E07000234,Bromsgrove,-8,Does not apply,0
E07000234,Bromsgrove,1,Very good health,52.2
E07000234,Bromsgrove,2,Good health,32.9
E07000234,Bromsgrove,3,Fair health,10.9
E07000234,Bromsgrove,4,Bad health,3
E07000234,Bromsgrove,5,Very bad health,0.9
E07000235,Malvern Hills,-8,Does not apply,0
E07000235,Malvern Hills,1,Very good health,50.3
E07000235,Malvern Hills,2,Good health,33.8
E07000235,Malvern Hills,3,Fair health,11.7
E07000235,Malvern Hills,4,Bad health,3.3
E07000235,Malvern Hills,5,Very bad health,0.9
E07000236,Redditch,-8,Does not apply,0
E07000236,Redditch,1,Very good health,45.3
E07000236,Redditch,2,Good health,35.6
E07000236,Redditch,3,Fair health,13.7
E07000236,Redditch,4,Bad health,4.3
E07000236,Redditch,5,Very bad health,1.2
E07000237,Worcester,-8,Does not apply,0
E07000237,Worcester,1,Very good health,46.2
E07000237,Worcester,2,Good health,35.5
E07000237,Worcester,3,Fair health,13.2
E07000237,Worcester,4,Bad health,3.9
E07000237,Worcester,5,Very bad health,1.1
E07000238,Wychavon,-8,Does not apply,0
E07000238,Wychavon,1,Very good health,50
E07000238,Wychavon,2,Good health,34.2
E07000238,Wychavon,3,Fair health,11.6
E07000238,Wychavon,4,Bad health,3.3
E07000238,Wychavon,5,Very bad health,0.9
E07000239,Wyre Forest,-8,Does not apply,0
E07000239,Wyre Forest,1,Very good health,45.6
E07000239,Wyre Forest,2,Good health,35.3
E07000239,Wyre Forest,3,Fair health,13.5
E07000239,Wyre Forest,4,Bad health,4.3
E07000239,Wyre Forest,5,Very bad health,1.3
E07000240,St Albans,-8,Does not apply,0
E07000240,St Albans,1,Very good health,55.9
E07000240,St Albans,2,Good health,31.3
E07000240,St Albans,3,Fair health,9.6
E07000240,St Albans,4,Bad health,2.5
E07000240,St Albans,5,Very bad health,0.7
E07000241,Welwyn Hatfield,-8,Does not apply,0
E07000241,Welwyn Hatfield,1,Very good health,49.3
E07000241,Welwyn Hatfield,2,Good health,34.6
E07000241,Welwyn Hatfield,3,Fair health,11.9
E07000241,Welwyn Hatfield,4,Bad health,3.4
E07000241,Welwyn Hatfield,5,Very bad health,0.9
E07000242,East Hertfordshire,-8,Does not apply,0
E07000242,East Hertfordshire,1,Very good health,53.4
E07000242,East Hertfordshire,2,Good health,32.9
E07000242,East Hertfordshire,3,Fair health,10.4
E07000242,East Hertfordshire,4,Bad health,2.7
E07000242,East Hertfordshire,5,Very bad health,0.7
E07000243,Stevenage,-8,Does not apply,0
E07000243,Stevenage,1,Very good health,45.1
E07000243,Stevenage,2,Good health,35.9
E07000243,Stevenage,3,Fair health,13.8
E07000243,Stevenage,4,Bad health,4.1
E07000243,Stevenage,5,Very bad health,1.1
E07000244,East Suffolk,-8,Does not apply,0
E07000244,East Suffolk,1,Very good health,46.8
E07000244,East Suffolk,2,Good health,35.2
E07000244,East Suffolk,3,Fair health,13.1
E07000244,East Suffolk,4,Bad health,4
E07000244,East Suffolk,5,Very bad health,1
E07000245,West Suffolk,-8,Does not apply,0
E07000245,West Suffolk,1,Very good health,47.8
E07000245,West Suffolk,2,Good health,35.6
E07000245,West Suffolk,3,Fair health,12.3
E07000245,West Suffolk,4,Bad health,3.4
E07000245,West Suffolk,5,Very bad health,0.9
E07000246,Somerset West and Taunton,-8,Does not apply,0
E07000246,Somerset West and Taunton,1,Very good health,48.4
E07000246,Somerset West and Taunton,2,Good health,34.5
E07000246,Somerset West and Taunton,3,Fair health,12.5
E07000246,Somerset West and Taunton,4,Bad health,3.7
E07000246,Somerset West and Taunton,5,Very bad health,0.9
E08000001,Bolton,-8,Does not apply,0
E08000001,Bolton,1,Very good health,45.5
E08000001,Bolton,2,Good health,33.7
E08000001,Bolton,3,Fair health,14.1
E08000001,Bolton,4,Bad health,5.1
E08000001,Bolton,5,Very bad health,1.6
E08000002,Bury,-8,Does not apply,0
E08000002,Bury,1,Very good health,46.9
E08000002,Bury,2,Good health,33.6
E08000002,Bury,3,Fair health,13.7
E08000002,Bury,4,Bad health,4.5
E08000002,Bury,5,Very bad health,1.3
E08000003,Manchester,-8,Does not apply,0
E08000003,Manchester,1,Very good health,43.2
E08000003,Manchester,2,Good health,32.3
E08000003,Manchester,3,Fair health,15.8
E08000003,Manchester,4,Bad health,6.6
E08000003,Manchester,5,Very bad health,2.2
E08000004,Oldham,-8,Does not apply,0
E08000004,Oldham,1,Very good health,43.4
E08000004,Oldham,2,Good health,34
E08000004,Oldham,3,Fair health,15.5
E08000004,Oldham,4,Bad health,5.5
E08000004,Oldham,5,Very bad health,1.6
E08000005,Rochdale,-8,Does not apply,0
E08000005,Rochdale,1,Very good health,44.1
E08000005,Rochdale,2,Good health,33.8
E08000005,Rochdale,3,Fair health,15
E08000005,Rochdale,4,Bad health,5.5
E08000005,Rochdale,5,Very bad health,1.5
E08000006,Salford,-8,Does not apply,0
E08000006,Salford,1,Very good health,45.1
E08000006,Salford,2,Good health,32.9
E08000006,Salford,3,Fair health,14.6
E08000006,Salford,4,Bad health,5.7
E08000006,Salford,5,Very bad health,1.7
E08000007,Stockport,-8,Does not apply,0
E08000007,Stockport,1,Very good health,49.3
E08000007,Stockport,2,Good health,32.9
E08000007,Stockport,3,Fair health,12.5
E08000007,Stockport,4,Bad health,4
E08000007,Stockport,5,Very bad health,1.2
E08000008,Tameside,-8,Does not apply,0
E08000008,Tameside,1,Very good health,43.8
E08000008,Tameside,2,Good health,34.2
E08000008,Tameside,3,Fair health,15.1
E08000008,Tameside,4,Bad health,5.4
E08000008,Tameside,5,Very bad health,1.6
E08000009,Trafford,-8,Does not apply,0
E08000009,Trafford,1,Very good health,51.5
E08000009,Trafford,2,Good health,31.8
E08000009,Trafford,3,Fair health,11.8
E08000009,Trafford,4,Bad health,3.7
E08000009,Trafford,5,Very bad health,1.1
E08000010,Wigan,-8,Does not apply,0
E08000010,Wigan,1,Very good health,45.9
E08000010,Wigan,2,Good health,33.6
E08000010,Wigan,3,Fair health,14.2
E08000010,Wigan,4,Bad health,4.9
E08000010,Wigan,5,Very bad health,1.4
E08000011,Knowsley,-8,Does not apply,0
E08000011,Knowsley,1,Very good health,45.7
E08000011,Knowsley,2,Good health,30.6
E08000011,Knowsley,3,Fair health,14.7
E08000011,Knowsley,4,Bad health,6.8
E08000011,Knowsley,5,Very bad health,2.2
E08000012,Liverpool,-8,Does not apply,0
E08000012,Liverpool,1,Very good health,44.6
E08000012,Liverpool,2,Good health,31.3
E08000012,Liverpool,3,Fair health,14.9
E08000012,Liverpool,4,Bad health,6.9
E08000012,Liverpool,5,Very bad health,2.3
E08000013,St. Helens,-8,Does not apply,0
E08000013,St. Helens,1,Very good health,45.5
E08000013,St. Helens,2,Good health,32.7
E08000013,St. Helens,3,Fair health,14.4
E08000013,St. Helens,4,Bad health,5.7
E08000013,St. Helens,5,Very bad health,1.7
E08000014,Sefton,-8,Does not apply,0
E08000014,Sefton,1,Very good health,48.4
E08000014,Sefton,2,Good health,31.9
E08000014,Sefton,3,Fair health,13.3
E08000014,Sefton,4,Bad health,4.9
E08000014,Sefton,5,Very bad health,1.5
E08000015,Wirral,-8,Does not apply,0
E08000015,Wirral,1,Very good health,47.4
E08000015,Wirral,2,Good health,32.1
E08000015,Wirral,3,Fair health,13.6
E08000015,Wirral,4,Bad health,5.3
E08000015,Wirral,5,Very bad health,1.6
E08000016,Barnsley,-8,Does not apply,0
E08000016,Barnsley,1,Very good health,43.2
E08000016,Barnsley,2,Good health,33.8
E08000016,Barnsley,3,Fair health,15.6
E08000016,Barnsley,4,Bad health,5.8
E08000016,Barnsley,5,Very bad health,1.7
E08000017,Doncaster,-8,Does not apply,0
E08000017,Doncaster,1,Very good health,43.9
E08000017,Doncaster,2,Good health,34.4
E08000017,Doncaster,3,Fair health,14.8
E08000017,Doncaster,4,Bad health,5.3
E08000017,Doncaster,5,Very bad health,1.6
E08000018,Rotherham,-8,Does not apply,0
E08000018,Rotherham,1,Very good health,43.7
E08000018,Rotherham,2,Good health,34.4
E08000018,Rotherham,3,Fair health,14.8
E08000018,Rotherham,4,Bad health,5.4
E08000018,Rotherham,5,Very bad health,1.6
E08000019,Sheffield,-8,Does not apply,0
E08000019,Sheffield,1,Very good health,44.5
E08000019,Sheffield,2,Good health,34.4
E08000019,Sheffield,3,Fair health,14.5
E08000019,Sheffield,4,Bad health,5.1
E08000019,Sheffield,5,Very bad health,1.5
E08000021,Newcastle upon Tyne,-8,Does not apply,0
E08000021,Newcastle upon Tyne,1,Very good health,44.6
E08000021,Newcastle upon Tyne,2,Good health,33
E08000021,Newcastle upon Tyne,3,Fair health,15
E08000021,Newcastle upon Tyne,4,Bad health,5.7
E08000021,Newcastle upon Tyne,5,Very bad health,1.8
E08000022,North Tyneside,-8,Does not apply,0
E08000022,North Tyneside,1,Very good health,46.6
E08000022,North Tyneside,2,Good health,33.3
E08000022,North Tyneside,3,Fair health,14.2
E08000022,North Tyneside,4,Bad health,4.7
E08000022,North Tyneside,5,Very bad health,1.3
E08000023,South Tyneside,-8,Does not apply,0
E08000023,South Tyneside,1,Very good health,44.4
E08000023,South Tyneside,2,Good health,33.1
E08000023,South Tyneside,3,Fair health,15.1
E08000023,South Tyneside,4,Bad health,5.7
E08000023,South Tyneside,5,Very bad health,1.7
E08000024,Sunderland,-8,Does not apply,0
E08000024,Sunderland,1,Very good health,43.6
E08000024,Sunderland,2,Good health,33.1
E08000024,Sunderland,3,Fair health,15.6
E08000024,Sunderland,4,Bad health,6
E08000024,Sunderland,5,Very bad health,1.8
E08000025,Birmingham,-8,Does not apply,0
E08000025,Birmingham,1,Very good health,42.3
E08000025,Birmingham,2,Good health,34.6
E08000025,Birmingham,3,Fair health,15.7
E08000025,Birmingham,4,Bad health,5.6
E08000025,Birmingham,5,Very bad health,1.8
E08000026,Coventry,-8,Does not apply,0
E08000026,Coventry,1,Very good health,44.5
E08000026,Coventry,2,Good health,34.9
E08000026,Coventry,3,Fair health,14.3
E08000026,Coventry,4,Bad health,4.8
E08000026,Coventry,5,Very bad health,1.5
E08000027,Dudley,-8,Does not apply,0
E08000027,Dudley,1,Very good health,43.6
E08000027,Dudley,2,Good health,35.9
E08000027,Dudley,3,Fair health,14.5
E08000027,Dudley,4,Bad health,4.7
E08000027,Dudley,5,Very bad health,1.3
E08000028,Sandwell,-8,Does not apply,0
E08000028,Sandwell,1,Very good health,40.8
E08000028,Sandwell,2,Good health,35.1
E08000028,Sandwell,3,Fair health,16.4
E08000028,Sandwell,4,Bad health,6
E08000028,Sandwell,5,Very bad health,1.8
E08000029,Solihull,-8,Does not apply,0
E08000029,Solihull,1,Very good health,49.5
E08000029,Solihull,2,Good health,33.7
E08000029,Solihull,3,Fair health,12
E08000029,Solihull,4,Bad health,3.7
E08000029,Solihull,5,Very bad health,1.1
E08000030,Walsall,-8,Does not apply,0
E08000030,Walsall,1,Very good health,41.9
E08000030,Walsall,2,Good health,35.4
E08000030,Walsall,3,Fair health,15.6
E08000030,Walsall,4,Bad health,5.4
E08000030,Walsall,5,Very bad health,1.7
E08000031,Wolverhampton,-8,Does not apply,0
E08000031,Wolverhampton,1,Very good health,42.1
E08000031,Wolverhampton,2,Good health,35.3
E08000031,Wolverhampton,3,Fair health,15.7
E08000031,Wolverhampton,4,Bad health,5.4
E08000031,Wolverhampton,5,Very bad health,1.6
E08000032,Bradford,-8,Does not apply,0
E08000032,Bradford,1,Very good health,42.4
E08000032,Bradford,2,Good health,35.7
E08000032,Bradford,3,Fair health,15.1
E08000032,Bradford,4,Bad health,5.2
E08000032,Bradford,5,Very bad health,1.6
E08000033,Calderdale,-8,Does not apply,0
E08000033,Calderdale,1,Very good health,46
E08000033,Calderdale,2,Good health,34.6
E08000033,Calderdale,3,Fair health,13.7
E08000033,Calderdale,4,Bad health,4.4
E08000033,Calderdale,5,Very bad health,1.3
E08000034,Kirklees,-8,Does not apply,0
E08000034,Kirklees,1,Very good health,44.8
E08000034,Kirklees,2,Good health,35.2
E08000034,Kirklees,3,Fair health,14.1
E08000034,Kirklees,4,Bad health,4.6
E08000034,Kirklees,5,Very bad health,1.3
E08000035,Leeds,-8,Does not apply,0
E08000035,Leeds,1,Very good health,46.6
E08000035,Leeds,2,Good health,34.2
E08000035,Leeds,3,Fair health,13.5
E08000035,Leeds,4,Bad health,4.4
E08000035,Leeds,5,Very bad health,1.3
E08000036,Wakefield,-8,Does not apply,0
E08000036,Wakefield,1,Very good health,44.1
E08000036,Wakefield,2,Good health,34.5
E08000036,Wakefield,3,Fair health,14.7
E08000036,Wakefield,4,Bad health,5.2
E08000036,Wakefield,5,Very bad health,1.5
E08000037,Gateshead,-8,Does not apply,0
E08000037,Gateshead,1,Very good health,44.1
E08000037,Gateshead,2,Good health,33.6
E08000037,Gateshead,3,Fair health,15.1
E08000037,Gateshead,4,Bad health,5.5
E08000037,Gateshead,5,Very bad health,1.7
E09000001,City of London,-8,Does not apply,0
E09000001,City of London,1,Very good health,56.6
E09000001,City of London,2,Good health,31.2
E09000001,City of London,3,Fair health,9.1
E09000001,City of London,4,Bad health,2.4
E09000001,City of London,5,Very bad health,0.7
E09000002,Barking and Dagenham,-8,Does not apply,0
E09000002,Barking and Dagenham,1,Very good health,43.3
E09000002,Barking and Dagenham,2,Good health,34.2
E09000002,Barking and Dagenham,3,Fair health,15.2
E09000002,Barking and Dagenham,4,Bad health,5.6
E09000002,Barking and Dagenham,5,Very bad health,1.7
E09000003,Barnet,-8,Does not apply,0
E09000003,Barnet,1,Very good health,51.5
E09000003,Barnet,2,Good health,32.3
E09000003,Barnet,3,Fair health,11.5
E09000003,Barnet,4,Bad health,3.5
E09000003,Barnet,5,Very bad health,1.2
E09000004,Bexley,-8,Does not apply,0
E09000004,Bexley,1,Very good health,48.7
E09000004,Bexley,2,Good health,34.3
E09000004,Bexley,3,Fair health,12.3
E09000004,Bexley,4,Bad health,3.6
E09000004,Bexley,5,Very bad health,1.1
E09000005,Brent,-8,Does not apply,0
E09000005,Brent,1,Very good health,47.2
E09000005,Brent,2,Good health,33.8
E09000005,Brent,3,Fair health,13.4
E09000005,Brent,4,Bad health,4.2
E09000005,Brent,5,Very bad health,1.4
E09000006,Bromley,-8,Does not apply,0
E09000006,Bromley,1,Very good health,52.4
E09000006,Bromley,2,Good health,33
E09000006,Bromley,3,Fair health,10.7
E09000006,Bromley,4,Bad health,3
E09000006,Bromley,5,Very bad health,0.9
E09000007,Camden,-8,Does not apply,0
E09000007,Camden,1,Very good health,51.3
E09000007,Camden,2,Good health,30
E09000007,Camden,3,Fair health,12.2
E09000007,Camden,4,Bad health,4.9
E09000007,Camden,5,Very bad health,1.6
E09000008,Croydon,-8,Does not apply,0
E09000008,Croydon,1,Very good health,47.9
E09000008,Croydon,2,Good health,34.5
E09000008,Croydon,3,Fair health,12.7
E09000008,Croydon,4,Bad health,3.8
E09000008,Croydon,5,Very bad health,1.2
E09000009,Ealing,-8,Does not apply,0
E09000009,Ealing,1,Very good health,48.2
E09000009,Ealing,2,Good health,33.6
E09000009,Ealing,3,Fair health,12.9
E09000009,Ealing,4,Bad health,4
E09000009,Ealing,5,Very bad health,1.3
E09000010,Enfield,-8,Does not apply,0
E09000010,Enfield,1,Very good health,46.9
E09000010,Enfield,2,Good health,34.2
E09000010,Enfield,3,Fair health,13.2
E09000010,Enfield,4,Bad health,4.3
E09000010,Enfield,5,Very bad health,1.4
E09000011,Greenwich,-8,Does not apply,0
E09000011,Greenwich,1,Very good health,47.3
E09000011,Greenwich,2,Good health,32.9
E09000011,Greenwich,3,Fair health,13.6
E09000011,Greenwich,4,Bad health,4.7
E09000011,Greenwich,5,Very bad health,1.5
E09000012,Hackney,-8,Does not apply,0
E09000012,Hackney,1,Very good health,48.5
E09000012,Hackney,2,Good health,29.5
E09000012,Hackney,3,Fair health,14.1
E09000012,Hackney,4,Bad health,5.7
E09000012,Hackney,5,Very bad health,2.2
E09000013,Hammersmith and Fulham,-8,Does not apply,0
E09000013,Hammersmith and Fulham,1,Very good health,53.8
E09000013,Hammersmith and Fulham,2,Good health,29
E09000013,Hammersmith and Fulham,3,Fair health,11.5
E09000013,Hammersmith and Fulham,4,Bad health,4.2
E09000013,Hammersmith and Fulham,5,Very bad health,1.5
E09000014,Haringey,-8,Does not apply,0
E09000014,Haringey,1,Very good health,48.5
E09000014,Haringey,2,Good health,32.2
E09000014,Haringey,3,Fair health,12.9
E09000014,Haringey,4,Bad health,4.7
E09000014,Haringey,5,Very bad health,1.7
E09000015,Harrow,-8,Does not apply,0
E09000015,Harrow,1,Very good health,48.6
E09000015,Harrow,2,Good health,35
E09000015,Harrow,3,Fair health,12
E09000015,Harrow,4,Bad health,3.4
E09000015,Harrow,5,Very bad health,1.1
E09000016,Havering,-8,Does not apply,0
E09000016,Havering,1,Very good health,48.2
E09000016,Havering,2,Good health,34.8
E09000016,Havering,3,Fair health,12.3
E09000016,Havering,4,Bad health,3.6
E09000016,Havering,5,Very bad health,1.1
E09000017,Hillingdon,-8,Does not apply,0
E09000017,Hillingdon,1,Very good health,47.4
E09000017,Hillingdon,2,Good health,35.2
E09000017,Hillingdon,3,Fair health,12.7
E09000017,Hillingdon,4,Bad health,3.6
E09000017,Hillingdon,5,Very bad health,1.1
E09000018,Hounslow,-8,Does not apply,0
E09000018,Hounslow,1,Very good health,47.3
E09000018,Hounslow,2,Good health,34.4
E09000018,Hounslow,3,Fair health,13
E09000018,Hounslow,4,Bad health,4.1
E09000018,Hounslow,5,Very bad health,1.3
E09000019,Islington,-8,Does not apply,0
E09000019,Islington,1,Very good health,48.6
E09000019,Islington,2,Good health,29.8
E09000019,Islington,3,Fair health,13.7
E09000019,Islington,4,Bad health,5.8
E09000019,Islington,5,Very bad health,2.1
E09000020,Kensington and Chelsea,-8,Does not apply,0
E09000020,Kensington and Chelsea,1,Very good health,58
E09000020,Kensington and Chelsea,2,Good health,26.9
E09000020,Kensington and Chelsea,3,Fair health,10.1
E09000020,Kensington and Chelsea,4,Bad health,3.7
E09000020,Kensington and Chelsea,5,Very bad health,1.2
E09000021,Kingston upon Thames,-8,Does not apply,0
E09000021,Kingston upon Thames,1,Very good health,51.3
E09000021,Kingston upon Thames,2,Good health,33.5
E09000021,Kingston upon Thames,3,Fair health,11.2
E09000021,Kingston upon Thames,4,Bad health,3
E09000021,Kingston upon Thames,5,Very bad health,0.9
E09000022,Lambeth,-8,Does not apply,0
E09000022,Lambeth,1,Very good health,49.9
E09000022,Lambeth,2,Good health,31.2
E09000022,Lambeth,3,Fair health,13
E09000022,Lambeth,4,Bad health,4.5
E09000022,Lambeth,5,Very bad health,1.5
E09000023,Lewisham,-8,Does not apply,0
E09000023,Lewisham,1,Very good health,47.7
E09000023,Lewisham,2,Good health,32.9
E09000023,Lewisham,3,Fair health,13.5
E09000023,Lewisham,4,Bad health,4.5
E09000023,Lewisham,5,Very bad health,1.4
E09000024,Merton,-8,Does not apply,0
E09000024,Merton,1,Very good health,51
E09000024,Merton,2,Good health,33.1
E09000024,Merton,3,Fair health,11.6
E09000024,Merton,4,Bad health,3.3
E09000024,Merton,5,Very bad health,1
E09000025,Newham,-8,Does not apply,0
E09000025,Newham,1,Very good health,42.9
E09000025,Newham,2,Good health,33.9
E09000025,Newham,3,Fair health,15.6
E09000025,Newham,4,Bad health,5.6
E09000025,Newham,5,Very bad health,2
E09000026,Redbridge,-8,Does not apply,0
E09000026,Redbridge,1,Very good health,46.4
E09000026,Redbridge,2,Good health,35.4
E09000026,Redbridge,3,Fair health,13.1
E09000026,Redbridge,4,Bad health,3.9
E09000026,Redbridge,5,Very bad health,1.3
E09000027,Richmond upon Thames,-8,Does not apply,0
E09000027,Richmond upon Thames,1,Very good health,57.6
E09000027,Richmond upon Thames,2,Good health,30
E09000027,Richmond upon Thames,3,Fair health,9.1
E09000027,Richmond upon Thames,4,Bad health,2.6
E09000027,Richmond upon Thames,5,Very bad health,0.8
E09000028,Southwark,-8,Does not apply,0
E09000028,Southwark,1,Very good health,49.4
E09000028,Southwark,2,Good health,31.1
E09000028,Southwark,3,Fair health,13.3
E09000028,Southwark,4,Bad health,4.6
E09000028,Southwark,5,Very bad health,1.6
E09000029,Sutton,-8,Does not apply,0
E09000029,Sutton,1,Very good health,48.9
E09000029,Sutton,2,Good health,35
E09000029,Sutton,3,Fair health,11.8
E09000029,Sutton,4,Bad health,3.4
E09000029,Sutton,5,Very bad health,1
E09000030,Tower Hamlets,-8,Does not apply,0
E09000030,Tower Hamlets,1,Very good health,42.5
E09000030,Tower Hamlets,2,Good health,32
E09000030,Tower Hamlets,3,Fair health,15.9
E09000030,Tower Hamlets,4,Bad health,7
E09000030,Tower Hamlets,5,Very bad health,2.5
E09000031,Waltham Forest,-8,Does not apply,0
E09000031,Waltham Forest,1,Very good health,45.9
E09000031,Waltham Forest,2,Good health,34.3
E09000031,Waltham Forest,3,Fair health,13.7
E09000031,Waltham Forest,4,Bad health,4.6
E09000031,Waltham Forest,5,Very bad health,1.5
E09000032,Wandsworth,-8,Does not apply,0
E09000032,Wandsworth,1,Very good health,54.4
E09000032,Wandsworth,2,Good health,29.7
E09000032,Wandsworth,3,Fair health,11.3
E09000032,Wandsworth,4,Bad health,3.6
E09000032,Wandsworth,5,Very bad health,1.1
E09000033,Westminster,-8,Does not apply,0
E09000033,Westminster,1,Very good health,52.8
E09000033,Westminster,2,Good health,29.4
E09000033,Westminster,3,Fair health,11.6
E09000033,Westminster,4,Bad health,4.4
E09000033,Westminster,5,Very bad health,1.8
W06000001,Isle of Anglesey,-8,Does not apply,0
W06000001,Isle of Anglesey,1,Very good health,50.7
W06000001,Isle of Anglesey,2,Good health,31.2
W06000001,Isle of Anglesey,3,Fair health,13.1
W06000001,Isle of Anglesey,4,Bad health,3.9
W06000001,Isle of Anglesey,5,Very bad health,1.1
W06000002,Gwynedd,-8,Does not apply,0
W06000002,Gwynedd,1,Very good health,51.5
W06000002,Gwynedd,2,Good health,31.2
W06000002,Gwynedd,3,Fair health,12.4
W06000002,Gwynedd,4,Bad health,3.7
W06000002,Gwynedd,5,Very bad health,1
W06000003,Conwy,-8,Does not apply,0
W06000003,Conwy,1,Very good health,48.2
W06000003,Conwy,2,Good health,32.6
W06000003,Conwy,3,Fair health,13.5
W06000003,Conwy,4,Bad health,4.4
W06000003,Conwy,5,Very bad health,1.3
W06000004,Denbighshire,-8,Does not apply,0
W06000004,Denbighshire,1,Very good health,47
W06000004,Denbighshire,2,Good health,32.4
W06000004,Denbighshire,3,Fair health,14.1
W06000004,Denbighshire,4,Bad health,4.9
W06000004,Denbighshire,5,Very bad health,1.6
W06000005,Flintshire,-8,Does not apply,0
W06000005,Flintshire,1,Very good health,48.3
W06000005,Flintshire,2,Good health,33.3
W06000005,Flintshire,3,Fair health,13
W06000005,Flintshire,4,Bad health,4.2
W06000005,Flintshire,5,Very bad health,1.3
W06000006,Wrexham,-8,Does not apply,0
W06000006,Wrexham,1,Very good health,45.5
W06000006,Wrexham,2,Good health,34.2
W06000006,Wrexham,3,Fair health,14.2
W06000006,Wrexham,4,Bad health,4.8
W06000006,Wrexham,5,Very bad health,1.3
W06000008,Ceredigion,-8,Does not apply,0
W06000008,Ceredigion,1,Very good health,48
W06000008,Ceredigion,2,Good health,32.8
W06000008,Ceredigion,3,Fair health,13.7
W06000008,Ceredigion,4,Bad health,4.2
W06000008,Ceredigion,5,Very bad health,1.3
W06000009,Pembrokeshire,-8,Does not apply,0
W06000009,Pembrokeshire,1,Very good health,47.5
W06000009,Pembrokeshire,2,Good health,32.9
W06000009,Pembrokeshire,3,Fair health,13.6
W06000009,Pembrokeshire,4,Bad health,4.6
W06000009,Pembrokeshire,5,Very bad health,1.4
W06000010,Carmarthenshire,-8,Does not apply,0
W06000010,Carmarthenshire,1,Very good health,47.2
W06000010,Carmarthenshire,2,Good health,31.5
W06000010,Carmarthenshire,3,Fair health,14.4
W06000010,Carmarthenshire,4,Bad health,5.2
W06000010,Carmarthenshire,5,Very bad health,1.7
W06000011,Swansea,-8,Does not apply,0
W06000011,Swansea,1,Very good health,47.7
W06000011,Swansea,2,Good health,31.1
W06000011,Swansea,3,Fair health,13.9
W06000011,Swansea,4,Bad health,5.5
W06000011,Swansea,5,Very bad health,1.9
W06000012,Neath Port Talbot,-8,Does not apply,0
W06000012,Neath Port Talbot,1,Very good health,45.9
W06000012,Neath Port Talbot,2,Good health,30.5
W06000012,Neath Port Talbot,3,Fair health,15.1
W06000012,Neath Port Talbot,4,Bad health,6.4
W06000012,Neath Port Talbot,5,Very bad health,2.1
W06000013,Bridgend,-8,Does not apply,0
W06000013,Bridgend,1,Very good health,46.3
W06000013,Bridgend,2,Good health,31.8
W06000013,Bridgend,3,Fair health,14.6
W06000013,Bridgend,4,Bad health,5.5
W06000013,Bridgend,5,Very bad health,1.8
W06000014,Vale of Glamorgan,-8,Does not apply,0
W06000014,Vale of Glamorgan,1,Very good health,49.2
W06000014,Vale of Glamorgan,2,Good health,32.3
W06000014,Vale of Glamorgan,3,Fair health,12.8
W06000014,Vale of Glamorgan,4,Bad health,4.3
W06000014,Vale of Glamorgan,5,Very bad health,1.4
W06000015,Cardiff,-8,Does not apply,0
W06000015,Cardiff,1,Very good health,46.7
W06000015,Cardiff,2,Good health,32.6
W06000015,Cardiff,3,Fair health,13.8
W06000015,Cardiff,4,Bad health,5.3
W06000015,Cardiff,5,Very bad health,1.7
W06000016,Rhondda Cynon Taf,-8,Does not apply,0
W06000016,Rhondda Cynon Taf,1,Very good health,44
W06000016,Rhondda Cynon Taf,2,Good health,32
W06000016,Rhondda Cynon Taf,3,Fair health,15.7
W06000016,Rhondda Cynon Taf,4,Bad health,6.3
W06000016,Rhondda Cynon Taf,5,Very bad health,2
W06000018,Caerphilly,-8,Does not apply,0
W06000018,Caerphilly,1,Very good health,43.6
W06000018,Caerphilly,2,Good health,32.3
W06000018,Caerphilly,3,Fair health,15.7
W06000018,Caerphilly,4,Bad health,6.4
W06000018,Caerphilly,5,Very bad health,2
W06000019,Blaenau Gwent,-8,Does not apply,0
W06000019,Blaenau Gwent,1,Very good health,41.5
W06000019,Blaenau Gwent,2,Good health,32.7
W06000019,Blaenau Gwent,3,Fair health,16.5
W06000019,Blaenau Gwent,4,Bad health,7
W06000019,Blaenau Gwent,5,Very bad health,2.3
W06000020,Torfaen,-8,Does not apply,0
W06000020,Torfaen,1,Very good health,42.7
W06000020,Torfaen,2,Good health,34.2
W06000020,Torfaen,3,Fair health,15.4
W06000020,Torfaen,4,Bad health,6
W06000020,Torfaen,5,Very bad health,1.8
W06000021,Monmouthshire,-8,Does not apply,0
W06000021,Monmouthshire,1,Very good health,49.7
W06000021,Monmouthshire,2,Good health,33.4
W06000021,Monmouthshire,3,Fair health,12
W06000021,Monmouthshire,4,Bad health,3.8
W06000021,Monmouthshire,5,Very bad health,1.1
W06000022,Newport,-8,Does not apply,0
W06000022,Newport,1,Very good health,44.6
W06000022,Newport,2,Good health,33.6
W06000022,Newport,3,Fair health,14.6
W06000022,Newport,4,Bad health,5.5
W06000022,Newport,5,Very bad health,1.7
W06000023,Powys,-8,Does not apply,0
W06000023,Powys,1,Very good health,48.6
W06000023,Powys,2,Good health,33.5
W06000023,Powys,3,Fair health,12.9
W06000023,Powys,4,Bad health,3.9
W06000023,Powys,5,Very bad health,1.1
W06000024,Merthyr Tydfil,-8,Does not apply,0
W06000024,Merthyr Tydfil,1,Very good health,44.6
W06000024,Merthyr Tydfil,2,Good health,30.6
W06000024,Merthyr Tydfil,3,Fair health,15.3
W06000024,Merthyr Tydfil,4,Bad health,7.1
W06000024,Merthyr Tydfil,5,Very bad health,2.4
